#counts	total=39613	pass=38085	fail=1082	unsupported=28	blocked=418	panic=0
instance-indeterminate	attgC010::msMeta/../msData/attributeGroup/attgC010a.xml	unsupported	indeterminate
instance-indeterminate	attgC010::msMeta/../msData/attributeGroup/attgC010b.xml	unsupported	indeterminate
instance-indeterminate	particlesZ026::msMeta/../msData/particles/particlesZ026.xml	unsupported	indeterminate
instance-indeterminate	reS17::msMeta/../msData/regex/reS17.xml	unsupported	indeterminate
instance-indeterminate	reS38::msMeta/../msData/regex/reS38.xml	unsupported	indeterminate
instance-indeterminate	reS51::msMeta/../msData/regex/reS51.xml	unsupported	indeterminate
instance-indeterminate	reT17::msMeta/../msData/regex/reT17.xml	unsupported	indeterminate
instance-indeterminate	reT38::msMeta/../msData/regex/reT38.xml	unsupported	indeterminate
instance-indeterminate	reT51::msMeta/../msData/regex/reT51.xml	unsupported	indeterminate
instance-indeterminate	reU6::msMeta/../msData/regex/reU6.xml	unsupported	indeterminate
instance-indeterminate	reZ004v::msMeta/../msData/regex/valid.d.xml	unsupported	indeterminate
instance-indeterminate	schA2::msMeta/../msData/schema/schA2.xml	unsupported	indeterminate
instance-indeterminate	schA5::msMeta/../msData/schema/schA5.xml	unsupported	indeterminate
instance-indeterminate	schA7::msMeta/../msData/schema/schA7.xml	unsupported	indeterminate
instance-invalid	HighSurrogates::msMeta/../msData/regex/HighSurrogates.xml	fail	expected invalid but validator accepted it
instance-invalid	IDREF_enumeration003_1535::msMeta/../msData/datatypes/Facets/IDREF/IDREF_enumeration003.xml	fail	expected invalid but validator accepted it
instance-invalid	IDREF_length001_1522::msMeta/../msData/datatypes/Facets/IDREF/IDREF_length001.xml	fail	expected invalid but validator accepted it
instance-invalid	IDREF_length003_1524::msMeta/../msData/datatypes/Facets/IDREF/IDREF_length003.xml	fail	expected invalid but validator accepted it
instance-invalid	IDREF_maxLength001_1529::msMeta/../msData/datatypes/Facets/IDREF/IDREF_maxLength001.xml	fail	expected invalid but validator accepted it
instance-invalid	IDREF_minLength003_1527::msMeta/../msData/datatypes/Facets/IDREF/IDREF_minLength003.xml	fail	expected invalid but validator accepted it
instance-invalid	ID_enumeration001_1518::msMeta/../msData/datatypes/Facets/ID/ID_enumeration001.xml	fail	expected invalid but validator accepted it
instance-invalid	ID_enumeration003_1520::msMeta/../msData/datatypes/Facets/ID/ID_enumeration003.xml	fail	expected invalid but validator accepted it
instance-invalid	ID_length001_1507::msMeta/../msData/datatypes/Facets/ID/ID_length001.xml	fail	expected invalid but validator accepted it
instance-invalid	ID_length003_1509::msMeta/../msData/datatypes/Facets/ID/ID_length003.xml	fail	expected invalid but validator accepted it
instance-invalid	ID_maxLength001_1514::msMeta/../msData/datatypes/Facets/ID/ID_maxLength001.xml	fail	expected invalid but validator accepted it
instance-invalid	ID_minLength003_1512::msMeta/../msData/datatypes/Facets/ID/ID_minLength003.xml	fail	expected invalid but validator accepted it
instance-invalid	NMTOKENS_enumeration001_1471::msMeta/../msData/datatypes/Facets/NMTOKENS/NMTOKENS_enumeration001.xml	fail	expected invalid but validator accepted it
instance-invalid	NMTOKENS_enumeration003_1473::msMeta/../msData/datatypes/Facets/NMTOKENS/NMTOKENS_enumeration003.xml	fail	expected invalid but validator accepted it
instance-invalid	NMTOKENS_length001_1461::msMeta/../msData/datatypes/Facets/NMTOKENS/NMTOKENS_length001.xml	fail	expected invalid but validator accepted it
instance-invalid	NMTOKENS_length003_1463::msMeta/../msData/datatypes/Facets/NMTOKENS/NMTOKENS_length003.xml	fail	expected invalid but validator accepted it
instance-invalid	NMTOKENS_minLength003_1466::msMeta/../msData/datatypes/Facets/NMTOKENS/NMTOKENS_minLength003.xml	fail	expected invalid but validator accepted it
instance-invalid	NMTOKEN_enumeration001_1457::msMeta/../msData/datatypes/Facets/NMTOKEN/NMTOKEN_enumeration001.xml	fail	expected invalid but validator accepted it
instance-invalid	NMTOKEN_enumeration003_1459::msMeta/../msData/datatypes/Facets/NMTOKEN/NMTOKEN_enumeration003.xml	fail	expected invalid but validator accepted it
instance-invalid	NMTOKEN_length001_1446::msMeta/../msData/datatypes/Facets/NMTOKEN/NMTOKEN_length001.xml	fail	expected invalid but validator accepted it
instance-invalid	NMTOKEN_length003_1448::msMeta/../msData/datatypes/Facets/NMTOKEN/NMTOKEN_length003.xml	fail	expected invalid but validator accepted it
instance-invalid	NMTOKEN_maxLength001_1453::msMeta/../msData/datatypes/Facets/NMTOKEN/NMTOKEN_maxLength001.xml	fail	expected invalid but validator accepted it
instance-invalid	NMTOKEN_minLength003_1451::msMeta/../msData/datatypes/Facets/NMTOKEN/NMTOKEN_minLength003.xml	fail	expected invalid but validator accepted it
instance-invalid	NOTATION_enumeration001_1383::msMeta/../msData/datatypes/Facets/NOTATION/NOTATION_enumeration001.xml	fail	expected invalid but validator accepted it
instance-invalid	NOTATION_enumeration003_1385::msMeta/../msData/datatypes/Facets/NOTATION/NOTATION_enumeration003.xml	fail	expected invalid but validator accepted it
instance-invalid	QName009_2092::msMeta/../msData/datatypes/QName009.xml	fail	expected invalid but validator accepted it
instance-invalid	RegexTest_38::msMeta/../msData/regex/RegexTest_38.xml	fail	expected invalid but validator accepted it
instance-invalid	RegexTest_422::msMeta/../msData/regex/RegexTest_422.xml	fail	expected invalid but validator accepted it
instance-invalid	RegexTest_430::msMeta/../msData/regex/RegexTest_430.xml	fail	expected invalid but validator accepted it
instance-invalid	RegexTest_63::msMeta/../msData/regex/RegexTest_63.xml	fail	expected invalid but validator accepted it
instance-invalid	RegexTest_69::msMeta/../msData/regex/RegexTest_69.xml	fail	expected invalid but validator accepted it
instance-invalid	ad_name00101m1::sunMeta/../sunData/AttrDecl/AD_name/AD_name00101m/AD_name00101m1_n.xml	fail	expected invalid but validator accepted it
instance-invalid	ad_name00101m2::sunMeta/../sunData/AttrDecl/AD_name/AD_name00101m/AD_name00101m2_n.xml	fail	expected invalid but validator accepted it
instance-invalid	ad_name00101m3::sunMeta/../sunData/AttrDecl/AD_name/AD_name00101m/AD_name00101m3_n.xml	fail	expected invalid but validator accepted it
instance-invalid	ad_name00101m4::sunMeta/../sunData/AttrDecl/AD_name/AD_name00101m/AD_name00101m4_n.xml	fail	expected invalid but validator accepted it
instance-invalid	ad_targetns00101m::sunMeta/../sunData/AttrDecl/AD_targetNS/AD_targetNS00101m/AD_targetNS00101m1_n.xml	fail	expected invalid but validator accepted it
instance-invalid	ad_targetns00101m::sunMeta/../sunData/AttrDecl/AD_targetNS/AD_targetNS00101m/AD_targetNS00101m2_n.xml	fail	expected invalid but validator accepted it
instance-invalid	ad_targetns00101m::sunMeta/../sunData/AttrDecl/AD_targetNS/AD_targetNS00101m/AD_targetNS00101m3_n.xml	fail	expected invalid but validator accepted it
instance-invalid	addB049::msMeta/../msData/additional/test72232_1.xml	fail	expected invalid but validator accepted it
instance-invalid	addB063::msMeta/../msData/additional/test72702.xml	blocked	schema failed to compile
instance-invalid	addB065::msMeta/../msData/additional/test73826.xml	fail	expected invalid but validator accepted it
instance-invalid	addB087::msMeta/../msData/additional/addB087.xml	blocked	schema failed to compile
instance-invalid	addB105::msMeta/../msData/additional/addB105.xml	fail	expected invalid but validator accepted it
instance-invalid	addB120::msMeta/../msData/additional/test73456.xml	blocked	schema failed to compile
instance-invalid	addB124::msMeta/../msData/additional/test79253.xml	blocked	schema failed to compile
instance-invalid	addB138::msMeta/../msData/additional/test84002_a.xml	blocked	schema failed to compile
instance-invalid	addB139::msMeta/../msData/additional/test84002_b.xml	blocked	schema failed to compile
instance-invalid	addB142::msMeta/../msData/additional/test84613.xml	blocked	schema failed to compile
instance-invalid	addB156::msMeta/../msData/additional/test93490_2.xml	blocked	schema failed to compile
instance-invalid	addB158::msMeta/../msData/additional/test93490_4.xml	blocked	schema failed to compile
instance-invalid	addB159::msMeta/../msData/additional/test93490_5.xml	blocked	schema failed to compile
instance-invalid	addB161::msMeta/../msData/additional/test93490_7.xml	blocked	schema failed to compile
instance-invalid	addB162::msMeta/../msData/additional/test93490_8.xml	blocked	schema failed to compile
instance-invalid	addB164::msMeta/../msData/additional/test93490_10.xml	blocked	schema failed to compile
instance-invalid	addB166::msMeta/../msData/additional/test93490_12.xml	blocked	schema failed to compile
instance-invalid	addB181::msMeta/../msData/additional/test109017.xml	blocked	schema failed to compile
instance-invalid	addB188::msMeta/../msData/additional/test264908_1i.xml	blocked	schema failed to compile
instance-invalid	addB191::msMeta/../msData/additional/addB191.xml	blocked	schema failed to compile
instance-invalid	addB199::msMeta/../msData/additional/xsiType.xml	blocked	schema failed to compile
instance-invalid	addB201::msMeta/../msData/additional/ns.xml	fail	expected invalid but validator accepted it
instance-invalid	addB202a::msMeta/../msData/additional/hexbin.xml	blocked	schema failed to compile
instance-invalid	addB202b::msMeta/../msData/additional/datetime.xml	blocked	schema failed to compile
instance-invalid	anyURI_a004_1339::msMeta/../msData/datatypes/Facets/anyURI/anyURI_a004.xml	blocked	schema failed to compile
instance-invalid	anyURI_b006_1356::msMeta/../msData/datatypes/Facets/anyURI/anyURI_b006.xml	blocked	schema failed to compile
instance-invalid	atomic-duration-maxExclusive-6::nistMeta/../nistData/atomic/duration/Schema+Instance/NISTXML-SV-II-atomic-duration-maxExclusive-2-2.xml	fail	expected invalid but validator accepted it
instance-invalid	atomic-duration-maxExclusive-6::nistMeta/../nistData/atomic/duration/Schema+Instance/NISTXML-SV-II-atomic-duration-maxExclusive-2-4.xml	fail	expected invalid but validator accepted it
instance-invalid	atomic-duration-maxExclusive-7::nistMeta/../nistData/atomic/duration/Schema+Instance/NISTXML-SV-II-atomic-duration-maxExclusive-3-3.xml	fail	expected invalid but validator accepted it
instance-invalid	atomic-duration-maxExclusive-7::nistMeta/../nistData/atomic/duration/Schema+Instance/NISTXML-SV-II-atomic-duration-maxExclusive-3-4.xml	fail	expected invalid but validator accepted it
instance-invalid	atomic-duration-maxInclusive-6::nistMeta/../nistData/atomic/duration/Schema+Instance/NISTXML-SV-II-atomic-duration-maxInclusive-2-2.xml	fail	expected invalid but validator accepted it
instance-invalid	atomic-duration-maxInclusive-7::nistMeta/../nistData/atomic/duration/Schema+Instance/NISTXML-SV-II-atomic-duration-maxInclusive-3-2.xml	fail	expected invalid but validator accepted it
instance-invalid	atomic-duration-maxInclusive-7::nistMeta/../nistData/atomic/duration/Schema+Instance/NISTXML-SV-II-atomic-duration-maxInclusive-3-3.xml	fail	expected invalid but validator accepted it
instance-invalid	atomic-duration-maxInclusive-7::nistMeta/../nistData/atomic/duration/Schema+Instance/NISTXML-SV-II-atomic-duration-maxInclusive-3-4.xml	fail	expected invalid but validator accepted it
instance-invalid	atomic-duration-maxInclusive-9::nistMeta/../nistData/atomic/duration/Schema+Instance/NISTXML-SV-II-atomic-duration-maxInclusive-5-2.xml	fail	expected invalid but validator accepted it
instance-invalid	atomic-duration-minExclusive-6::nistMeta/../nistData/atomic/duration/Schema+Instance/NISTXML-SV-II-atomic-duration-minExclusive-2-2.xml	fail	expected invalid but validator accepted it
instance-invalid	atomic-duration-minExclusive-6::nistMeta/../nistData/atomic/duration/Schema+Instance/NISTXML-SV-II-atomic-duration-minExclusive-2-3.xml	fail	expected invalid but validator accepted it
instance-invalid	atomic-duration-minExclusive-6::nistMeta/../nistData/atomic/duration/Schema+Instance/NISTXML-SV-II-atomic-duration-minExclusive-2-4.xml	fail	expected invalid but validator accepted it
instance-invalid	atomic-duration-minExclusive-7::nistMeta/../nistData/atomic/duration/Schema+Instance/NISTXML-SV-II-atomic-duration-minExclusive-3-2.xml	fail	expected invalid but validator accepted it
instance-invalid	atomic-duration-minExclusive-8::nistMeta/../nistData/atomic/duration/Schema+Instance/NISTXML-SV-II-atomic-duration-minExclusive-4-2.xml	fail	expected invalid but validator accepted it
instance-invalid	atomic-duration-minExclusive-8::nistMeta/../nistData/atomic/duration/Schema+Instance/NISTXML-SV-II-atomic-duration-minExclusive-4-4.xml	fail	expected invalid but validator accepted it
instance-invalid	atomic-duration-minInclusive-5::nistMeta/../nistData/atomic/duration/Schema+Instance/NISTXML-SV-II-atomic-duration-minInclusive-2-4.xml	fail	expected invalid but validator accepted it
instance-invalid	atomic-duration-minInclusive-7::nistMeta/../nistData/atomic/duration/Schema+Instance/NISTXML-SV-II-atomic-duration-minInclusive-4-2.xml	fail	expected invalid but validator accepted it
instance-invalid	atomic-duration-minInclusive-7::nistMeta/../nistData/atomic/duration/Schema+Instance/NISTXML-SV-II-atomic-duration-minInclusive-4-3.xml	fail	expected invalid but validator accepted it
instance-invalid	atomic-duration-minInclusive-8::nistMeta/../nistData/atomic/duration/Schema+Instance/NISTXML-SV-II-atomic-duration-minInclusive-5-2.xml	fail	expected invalid but validator accepted it
instance-invalid	atomic-duration-minInclusive-8::nistMeta/../nistData/atomic/duration/Schema+Instance/NISTXML-SV-II-atomic-duration-minInclusive-5-3.xml	fail	expected invalid but validator accepted it
instance-invalid	attF001::msMeta/../msData/attribute/attF001.xml	fail	expected invalid but validator accepted it
instance-invalid	attJ002::msMeta/../msData/attribute/attJ002.xml	fail	expected invalid but validator accepted it
instance-invalid	attJ003::msMeta/../msData/attribute/attJ003.xml	fail	expected invalid but validator accepted it
instance-invalid	attLa005::msMeta/../msData/attribute/attLa005.xml	fail	expected invalid but validator accepted it
instance-invalid	attMa001::msMeta/../msData/attribute/attMa001.xml	fail	expected invalid but validator accepted it
instance-invalid	attMa002::msMeta/../msData/attribute/attMa002.xml	fail	expected invalid but validator accepted it
instance-invalid	attMb001::msMeta/../msData/attribute/attMb001.xml	fail	expected invalid but validator accepted it
instance-invalid	attMb002::msMeta/../msData/attribute/attMb002.xml	fail	expected invalid but validator accepted it
instance-invalid	attMb003::msMeta/../msData/attribute/attMb003.xml	fail	expected invalid but validator accepted it
instance-invalid	attMb010::msMeta/../msData/attribute/attMb010.xml	fail	expected invalid but validator accepted it
instance-invalid	attMb011::msMeta/../msData/attribute/attMb011.xml	fail	expected invalid but validator accepted it
instance-invalid	attMb012::msMeta/../msData/attribute/attMb012.xml	fail	expected invalid but validator accepted it
instance-invalid	attMc001::msMeta/../msData/attribute/attMc001.xml	fail	expected invalid but validator accepted it
instance-invalid	attMc002::msMeta/../msData/attribute/attMc002.xml	fail	expected invalid but validator accepted it
instance-invalid	attMc003::msMeta/../msData/attribute/attMc003.xml	fail	expected invalid but validator accepted it
instance-invalid	attMc010::msMeta/../msData/attribute/attMc010.xml	fail	expected invalid but validator accepted it
instance-invalid	attMc011::msMeta/../msData/attribute/attMc011.xml	fail	expected invalid but validator accepted it
instance-invalid	attMc012::msMeta/../msData/attribute/attMc012.xml	fail	expected invalid but validator accepted it
instance-invalid	attMd001::msMeta/../msData/attribute/test108565_1.xml	blocked	schema failed to compile
instance-invalid	attMd002::msMeta/../msData/attribute/test108565_2.xml	blocked	schema failed to compile
instance-invalid	attMd003::msMeta/../msData/attribute/test108565_3.xml	blocked	schema failed to compile
instance-invalid	attMd004::msMeta/../msData/attribute/test108565_4.xml	blocked	schema failed to compile
instance-invalid	attMd005::msMeta/../msData/attribute/test108565_5.xml	blocked	schema failed to compile
instance-invalid	attMd006::msMeta/../msData/attribute/test108565_6.xml	blocked	schema failed to compile
instance-invalid	attMd007::msMeta/../msData/attribute/test108565_7.xml	blocked	schema failed to compile
instance-invalid	attMd008::msMeta/../msData/attribute/test108565_8.xml	blocked	schema failed to compile
instance-invalid	attMd009::msMeta/../msData/attribute/test108565_9.xml	blocked	schema failed to compile
instance-invalid	attMd010::msMeta/../msData/attribute/test108565_10.xml	blocked	schema failed to compile
instance-invalid	attMd011::msMeta/../msData/attribute/test108565_11.xml	blocked	schema failed to compile
instance-invalid	attZ001::msMeta/../msData/attribute/attZ001.xml	blocked	schema failed to compile
instance-invalid	attZ007i::msMeta/../msData/attribute/attZ007i.xml	fail	expected invalid but validator accepted it
instance-invalid	attZ014a::msMeta/../msData/attribute/attZ014a.xml	fail	expected invalid but validator accepted it
instance-invalid	attZ014b::msMeta/../msData/attribute/attZ014b.xml	fail	expected invalid but validator accepted it
instance-invalid	attgC006::msMeta/../msData/attributeGroup/attgC006.xml	blocked	schema failed to compile
instance-invalid	attgC025::msMeta/../msData/attributeGroup/attgC025.xml	blocked	schema failed to compile
instance-invalid	attgD024::msMeta/../msData/attributeGroup/attgD024.xml	fail	expected invalid but validator accepted it
instance-invalid	attgD035::msMeta/../msData/attributeGroup/attgD035.xml	blocked	schema failed to compile
instance-invalid	attgZ001::msMeta/../msData/attributeGroup/attgZ001.xml	fail	expected invalid but validator accepted it
instance-invalid	au_valconstr00101m1::sunMeta/../sunData/AttrUse/AU_valConstr/AU_valConstr00101m/AU_valConstr00101m1_n.xml	fail	expected invalid but validator accepted it
instance-invalid	basetd00101m1::sunMeta/../sunData/CType/baseTD/baseTD00101m/baseTD00101m1_n.xml	fail	expected invalid but validator accepted it
instance-invalid	basetd00101m2::sunMeta/../sunData/CType/baseTD/baseTD00101m/baseTD00101m2_n.xml	fail	expected invalid but validator accepted it
instance-invalid	complex011::saxonMeta/../saxonData/Complex/complex011.n1.xml	fail	expected invalid but validator accepted it
instance-invalid	complex011::saxonMeta/../saxonData/Complex/complex011.n2.xml	fail	expected invalid but validator accepted it
instance-invalid	complex013::saxonMeta/../saxonData/Complex/complex013.n1.xml	fail	expected invalid but validator accepted it
instance-invalid	complex014::saxonMeta/../saxonData/Complex/complex013.n1.xml	fail	expected invalid but validator accepted it
instance-invalid	complex021::saxonMeta/../saxonData/Complex/complex021.n1.xml	fail	expected invalid but validator accepted it
instance-invalid	complex022::saxonMeta/../saxonData/Complex/complex022.n1.xml	fail	expected invalid but validator accepted it
instance-invalid	compositor00102m1::sunMeta/../sunData/MGroup/compositor/compositor00102m/compositor00102m1_n.xml	fail	expected invalid but validator accepted it
instance-invalid	contenttype00101m::sunMeta/../sunData/CType/contentType/contentType00101m/contentType00101m1_n.xml	fail	expected invalid but validator accepted it
instance-invalid	ctI048::msMeta/../msData/complexType/ctI048.xml	fail	expected invalid but validator accepted it
instance-invalid	ctI049::msMeta/../msData/complexType/ctI049.xml	fail	expected invalid but validator accepted it
instance-invalid	ctL001::msMeta/../msData/complexType/ctL001.xml	fail	expected invalid but validator accepted it
instance-invalid	ctZ013c::msMeta/../msData/complexType/ctZ013c.xml	fail	expected invalid but validator accepted it
instance-invalid	ctZ013d::msMeta/../msData/complexType/ctZ013d.xml	fail	expected invalid but validator accepted it
instance-invalid	dateTime011_2008::msMeta/../msData/datatypes/dateTime011.xml	fail	expected invalid but validator accepted it
instance-invalid	disallowedsubst00101m::sunMeta/../sunData/ElemDecl/disallowedSubst/disallowedSubst00101m/disallowedSubst00101m1_n.xml	fail	expected invalid but validator accepted it
instance-invalid	disallowedsubst00102m2::sunMeta/../sunData/ElemDecl/disallowedSubst/disallowedSubst00102m/disallowedSubst00102m2_n.xml	fail	expected invalid but validator accepted it
instance-invalid	disallowedsubst00105m::sunMeta/../sunData/ElemDecl/disallowedSubst/disallowedSubst00105m/disallowedSubst00105m1_n.xml	fail	expected invalid but validator accepted it
instance-invalid	disallowedsubst00106m2::sunMeta/../sunData/ElemDecl/disallowedSubst/disallowedSubst00106m/disallowedSubst00106m2_n.xml	fail	expected invalid but validator accepted it
instance-invalid	disallowedsubst00301m2::sunMeta/../sunData/ElemDecl/disallowedSubst/disallowedSubst00301m/disallowedSubst00301m2_n.xml	fail	expected invalid but validator accepted it
instance-invalid	disallowedsubst00501m2::sunMeta/../sunData/ElemDecl/disallowedSubst/disallowedSubst00501m/disallowedSubst00501m2_n.xml	fail	expected invalid but validator accepted it
instance-invalid	disallowedsubst00502m3::sunMeta/../sunData/ElemDecl/disallowedSubst/disallowedSubst00502m/disallowedSubst00502m3_n.xml	fail	expected invalid but validator accepted it
instance-invalid	disallowedsubst00502m4::sunMeta/../sunData/ElemDecl/disallowedSubst/disallowedSubst00502m/disallowedSubst00502m4_n.xml	fail	expected invalid but validator accepted it
instance-invalid	disallowedsubst00503m3::sunMeta/../sunData/ElemDecl/disallowedSubst/disallowedSubst00503m/disallowedSubst00503m3_n.xml	fail	expected invalid but validator accepted it
instance-invalid	disallowedsubst00503m4::sunMeta/../sunData/ElemDecl/disallowedSubst/disallowedSubst00503m/disallowedSubst00503m4_n.xml	fail	expected invalid but validator accepted it
instance-invalid	disallowedsubst00503m5::sunMeta/../sunData/ElemDecl/disallowedSubst/disallowedSubst00503m/disallowedSubst00503m5_n.xml	fail	expected invalid but validator accepted it
instance-invalid	double018_1956::msMeta/../msData/datatypes/double018.xml	fail	expected invalid but validator accepted it
instance-invalid	elemO011::msMeta/../msData/element/elemO011.xml	fail	expected invalid but validator accepted it
instance-invalid	elemT001::msMeta/../msData/element/elemT001.xml	fail	expected invalid but validator accepted it
instance-invalid	elemT004::msMeta/../msData/element/elemT004.xml	fail	expected invalid but validator accepted it
instance-invalid	elemT005::msMeta/../msData/element/elemT005.xml	fail	expected invalid but validator accepted it
instance-invalid	elemT006::msMeta/../msData/element/elemT006.xml	fail	expected invalid but validator accepted it
instance-invalid	elemT018::msMeta/../msData/element/elemT018.xml	fail	expected invalid but validator accepted it
instance-invalid	elemT024::msMeta/../msData/element/elemT024.xml	fail	expected invalid but validator accepted it
instance-invalid	elemT026::msMeta/../msData/element/elemT026.xml	fail	expected invalid but validator accepted it
instance-invalid	elemT027::msMeta/../msData/element/elemT027.xml	fail	expected invalid but validator accepted it
instance-invalid	elemT028::msMeta/../msData/element/elemT028.xml	fail	expected invalid but validator accepted it
instance-invalid	elemT029::msMeta/../msData/element/elemT029.xml	fail	expected invalid but validator accepted it
instance-invalid	elemT039::msMeta/../msData/element/elemT039.xml	fail	expected invalid but validator accepted it
instance-invalid	elemT046::msMeta/../msData/element/elemT046.xml	fail	expected invalid but validator accepted it
instance-invalid	elemT052::msMeta/../msData/element/elemT052.xml	fail	expected invalid but validator accepted it
instance-invalid	elemT053::msMeta/../msData/element/elemT053.xml	fail	expected invalid but validator accepted it
instance-invalid	elemT054::msMeta/../msData/element/elemT054.xml	fail	expected invalid but validator accepted it
instance-invalid	elemT055::msMeta/../msData/element/elemT055.xml	fail	expected invalid but validator accepted it
instance-invalid	elemT056::msMeta/../msData/element/elemT056.xml	fail	expected invalid but validator accepted it
instance-invalid	elemT057::msMeta/../msData/element/elemT057.xml	fail	expected invalid but validator accepted it
instance-invalid	elemT059::msMeta/../msData/element/elemT059.xml	fail	expected invalid but validator accepted it
instance-invalid	elemT060::msMeta/../msData/element/elemT060.xml	fail	expected invalid but validator accepted it
instance-invalid	elemT061::msMeta/../msData/element/elemT061.xml	fail	expected invalid but validator accepted it
instance-invalid	elemT063::msMeta/../msData/element/elemT063.xml	fail	expected invalid but validator accepted it
instance-invalid	elemT065::msMeta/../msData/element/elemT065.xml	fail	expected invalid but validator accepted it
instance-invalid	elemT068::msMeta/../msData/element/elemT068.xml	fail	expected invalid but validator accepted it
instance-invalid	elemT069::msMeta/../msData/element/elemT069.xml	fail	expected invalid but validator accepted it
instance-invalid	elemT070::msMeta/../msData/element/elemT070.xml	fail	expected invalid but validator accepted it
instance-invalid	elemZ021b::msMeta/../msData/element/test115044_b.xml	fail	expected invalid but validator accepted it
instance-invalid	elemZ021f::msMeta/../msData/element/test115044_b.xml	blocked	schema failed to compile
instance-invalid	elemZ021g::msMeta/../msData/element/test115044_c.xml	blocked	schema failed to compile
instance-invalid	elemZ022a::msMeta/../msData/element/test115478.xml	blocked	schema failed to compile
instance-invalid	elemZ023::msMeta/../msData/element/elemZ023.xml	fail	expected invalid but validator accepted it
instance-invalid	float018_1917::msMeta/../msData/datatypes/float018.xml	fail	expected invalid but validator accepted it
instance-invalid	gMonth_pattern001_1274::msMeta/../msData/datatypes/Facets/gMonth/gMonth_pattern001.xml	fail	expected invalid but validator accepted it
instance-invalid	groupF006v::msMeta/../msData/group/groupF006.xml	fail	expected invalid but validator accepted it
instance-invalid	groupF010v::msMeta/../msData/group/groupF010.xml	fail	expected invalid but validator accepted it
instance-invalid	groupF013v::msMeta/../msData/group/groupF013.xml	fail	expected invalid but validator accepted it
instance-invalid	groupF016v::msMeta/../msData/group/groupF016.xml	fail	expected invalid but validator accepted it
instance-invalid	groupG005v::msMeta/../msData/group/groupG005.xml	fail	expected invalid but validator accepted it
instance-invalid	groupH006v::msMeta/../msData/group/groupH006.xml	fail	expected invalid but validator accepted it
instance-invalid	groupJ006v::msMeta/../msData/group/groupJ006.xml	fail	expected invalid but validator accepted it
instance-invalid	groupJ012v::msMeta/../msData/group/groupJ012.xml	fail	expected invalid but validator accepted it
instance-invalid	groupJ013v::msMeta/../msData/group/groupJ013.xml	fail	expected invalid but validator accepted it
instance-invalid	groupJ016v::msMeta/../msData/group/groupJ016.xml	fail	expected invalid but validator accepted it
instance-invalid	groupJ019v::msMeta/../msData/group/groupJ019.xml	fail	expected invalid but validator accepted it
instance-invalid	groupK005v::msMeta/../msData/group/groupK005.xml	fail	expected invalid but validator accepted it
instance-invalid	groupL003v::msMeta/../msData/group/groupL003.xml	fail	expected invalid but validator accepted it
instance-invalid	groupL012v::msMeta/../msData/group/groupL012.xml	fail	expected invalid but validator accepted it
instance-invalid	groupL015v::msMeta/../msData/group/groupL015.xml	fail	expected invalid but validator accepted it
instance-invalid	groupN003v::msMeta/../msData/group/groupN003.xml	fail	expected invalid but validator accepted it
instance-invalid	groupN019v::msMeta/../msData/group/groupN019.xml	fail	expected invalid but validator accepted it
instance-invalid	idF016::msMeta/../msData/identityConstraint/idF016.xml	fail	expected invalid but validator accepted it
instance-invalid	idF017::msMeta/../msData/identityConstraint/idF017.xml	fail	expected invalid but validator accepted it
instance-invalid	idG006::msMeta/../msData/identityConstraint/idG006.xml	fail	expected invalid but validator accepted it
instance-invalid	idG011::msMeta/../msData/identityConstraint/idG011.xml	fail	expected invalid but validator accepted it
instance-invalid	idG012::msMeta/../msData/identityConstraint/idG012.xml	fail	expected invalid but validator accepted it
instance-invalid	idH005::msMeta/../msData/identityConstraint/idH005.xml	fail	expected invalid but validator accepted it
instance-invalid	idK003::msMeta/../msData/identityConstraint/idK003.xml	fail	expected invalid but validator accepted it
instance-invalid	idK012::msMeta/../msData/identityConstraint/idK012.xml	fail	expected invalid but validator accepted it
instance-invalid	idL025::msMeta/../msData/identityConstraint/idL025.xml	fail	expected invalid but validator accepted it
instance-invalid	idL075::msMeta/../msData/identityConstraint/idL075.xml	fail	expected invalid but validator accepted it
instance-invalid	idZ010::msMeta/../msData/identityConstraint/idZ010.xml	blocked	schema failed to compile
instance-invalid	idZ011::msMeta/../msData/identityConstraint/idZ011.xml	blocked	schema failed to compile
instance-invalid	idZ011_a::msMeta/../msData/identityConstraint/idZ011_a.xml	fail	expected invalid but validator accepted it
instance-invalid	idZ012::msMeta/../msData/identityConstraint/idZ012.xml	fail	expected invalid but validator accepted it
instance-invalid	idZ015::msMeta/../msData/identityConstraint/idZ015.xml	fail	expected invalid but validator accepted it
instance-invalid	identitytestsuitetest002::sunMeta/../sunData/combined/identity/IdentityTestSuite/002/test.3.n.xml	fail	expected invalid but validator accepted it
instance-invalid	identitytestsuitetest004::sunMeta/../sunData/combined/identity/IdentityTestSuite/004/test.3.n.xml	fail	expected invalid but validator accepted it
instance-invalid	mgN003::msMeta/../msData/modelGroups/mgN003.xml	fail	expected invalid but validator accepted it
instance-invalid	missing001::saxonMeta/../saxonData/Missing/missing001.n1.xml	fail	expected invalid but validator accepted it
instance-invalid	missing003::saxonMeta/../saxonData/Missing/missing001.n1.xml	fail	expected invalid but validator accepted it
instance-invalid	missing006::saxonMeta/../saxonData/Missing/missing001.n1.xml	fail	expected invalid but validator accepted it
instance-invalid	nillable00102m::sunMeta/../sunData/ElemDecl/nillable/nillable00102m/nillable00102m1_n.xml	fail	expected invalid but validator accepted it
instance-invalid	nillable00201m::sunMeta/../sunData/ElemDecl/nillable/nillable00201m/nillable00201m2_n.xml	fail	expected invalid but validator accepted it
instance-invalid	notatH002v::msMeta/../msData/notations/notatH002.xml	fail	expected invalid but validator accepted it
instance-invalid	notatH003::msMeta/../msData/notations/notatH003.xml	fail	expected invalid but validator accepted it
instance-invalid	p2::msMeta/../msData/regex/p2.xml	fail	expected invalid but validator accepted it
instance-invalid	particles00201m1::sunMeta/../sunData/MGroup/particles/particles00201m/particles00201m1_n.xml	fail	expected invalid but validator accepted it
instance-invalid	particles00202m1::sunMeta/../sunData/MGroup/particles/particles00202m/particles00202m1_n.xml	fail	expected invalid but validator accepted it
instance-invalid	particles00203m1::sunMeta/../sunData/MGroup/particles/particles00203m/particles00203m1_n.xml	fail	expected invalid but validator accepted it
instance-invalid	particles00204m1::sunMeta/../sunData/MGroup/particles/particles00204m/particles00204m1_n.xml	fail	expected invalid but validator accepted it
instance-invalid	particles00303m1::sunMeta/../sunData/MGroup/particles/particles00303m/particles00303m1_n.xml	fail	expected invalid but validator accepted it
instance-invalid	particlesC010::msMeta/../msData/particles/particlesC010.xml	blocked	schema failed to compile
instance-invalid	particlesC022::msMeta/../msData/particles/particlesC022.xml	blocked	schema failed to compile
instance-invalid	particlesC026::msMeta/../msData/particles/particlesC026.xml	blocked	schema failed to compile
instance-invalid	particlesC033::msMeta/../msData/particles/particlesC033.xml	blocked	schema failed to compile
instance-invalid	particlesC038::msMeta/../msData/particles/particlesC038.xml	blocked	schema failed to compile
instance-invalid	particlesC042::msMeta/../msData/particles/particlesC042.xml	blocked	schema failed to compile
instance-invalid	particlesC047::msMeta/../msData/particles/particlesC047.xml	blocked	schema failed to compile
instance-invalid	particlesC048::msMeta/../msData/particles/particlesC048.xml	blocked	schema failed to compile
instance-invalid	particlesDa001::msMeta/../msData/particles/particlesDa001.xml	blocked	schema failed to compile
instance-invalid	particlesDa004::msMeta/../msData/particles/particlesDa004.xml	fail	expected invalid but validator accepted it
instance-invalid	particlesDb001::msMeta/../msData/particles/particlesDb001.xml	blocked	schema failed to compile
instance-invalid	particlesDb003::msMeta/../msData/particles/particlesDb003.xml	fail	expected invalid but validator accepted it
instance-invalid	particlesDb004::msMeta/../msData/particles/particlesDb004.xml	fail	expected invalid but validator accepted it
instance-invalid	particlesDb005::msMeta/../msData/particles/particlesDb005.xml	fail	expected invalid but validator accepted it
instance-invalid	particlesDb006::msMeta/../msData/particles/particlesDb006.xml	blocked	schema failed to compile
instance-invalid	particlesDb008::msMeta/../msData/particles/particlesDb008.xml	fail	expected invalid but validator accepted it
instance-invalid	particlesDb009::msMeta/../msData/particles/particlesDb009.xml	fail	expected invalid but validator accepted it
instance-invalid	particlesDc004::msMeta/../msData/particles/particlesDc004.xml	fail	expected invalid but validator accepted it
instance-invalid	particlesDc005::msMeta/../msData/particles/particlesDc005.xml	fail	expected invalid but validator accepted it
instance-invalid	particlesDc006::msMeta/../msData/particles/particlesDc006.xml	fail	expected invalid but validator accepted it
instance-invalid	particlesDc008::msMeta/../msData/particles/particlesDc008.xml	fail	expected invalid but validator accepted it
instance-invalid	particlesDc009::msMeta/../msData/particles/particlesDc009.xml	fail	expected invalid but validator accepted it
instance-invalid	particlesEa014::msMeta/../msData/particles/particlesEa014.xml	fail	expected invalid but validator accepted it
instance-invalid	particlesEb002::msMeta/../msData/particles/particlesEb002.xml	fail	expected invalid but validator accepted it
instance-invalid	particlesEc003::msMeta/../msData/particles/particlesEc003.xml	fail	expected invalid but validator accepted it
instance-invalid	particlesEc007::msMeta/../msData/particles/particlesEc007.xml	fail	expected invalid but validator accepted it
instance-invalid	particlesEc013::msMeta/../msData/particles/particlesEc013.xml	fail	expected invalid but validator accepted it
instance-invalid	particlesEc023::msMeta/../msData/particles/particlesEc023.xml	fail	expected invalid but validator accepted it
instance-invalid	particlesEc024::msMeta/../msData/particles/particlesEc024.xml	fail	expected invalid but validator accepted it
instance-invalid	particlesEc027::msMeta/../msData/particles/particlesEc027.xml	fail	expected invalid but validator accepted it
instance-invalid	particlesEc028::msMeta/../msData/particles/particlesEc028.xml	fail	expected invalid but validator accepted it
instance-invalid	particlesEc039::msMeta/../msData/particles/particlesEc039.xml	fail	expected invalid but validator accepted it
instance-invalid	particlesIg003::msMeta/../msData/particles/particlesIg003.xml	fail	expected invalid but validator accepted it
instance-invalid	particlesZ001::msMeta/../msData/particles/particlesZ001.xml	fail	expected invalid but validator accepted it
instance-invalid	pscontents00201m1::sunMeta/../sunData/Wildcard/psContents/psContents00201m/psContents00201m1_n.xml	blocked	parse error: parse error at position 323: ill-formed document: expected `</date>`, but `</test:a>` was found
instance-invalid	pscontents00301m2::sunMeta/../sunData/Wildcard/psContents/psContents00301m/psContents00301m2_n.xml	blocked	parse error: parse error at position 325: ill-formed document: expected `</test:date>`, but `</date>` was found
instance-invalid	pscontents00302m2::sunMeta/../sunData/Wildcard/psContents/psContents00302m/psContents00302m2_n.xml	blocked	parse error: parse error at position 325: syntax error: tag not closed: `>` not found before end of input
instance-invalid	reF20::msMeta/../msData/regex/reF20.xml	blocked	schema failed to compile
instance-invalid	reF21::msMeta/../msData/regex/reF21.xml	blocked	schema failed to compile
instance-invalid	reF22::msMeta/../msData/regex/reF22.xml	blocked	schema failed to compile
instance-invalid	reF23::msMeta/../msData/regex/reF23.xml	blocked	schema failed to compile
instance-invalid	reF42::msMeta/../msData/regex/reF42.xml	fail	expected invalid but validator accepted it
instance-invalid	reH20::msMeta/../msData/regex/reH20.xml	blocked	schema failed to compile
instance-invalid	reH21::msMeta/../msData/regex/reH21.xml	blocked	schema failed to compile
instance-invalid	reJ11::msMeta/../msData/regex/reJ11.xml	fail	expected invalid but validator accepted it
instance-invalid	reJ13::msMeta/../msData/regex/reJ13.xml	fail	expected invalid but validator accepted it
instance-invalid	reJ19::msMeta/../msData/regex/reJ19.xml	fail	expected invalid but validator accepted it
instance-invalid	reJ21::msMeta/../msData/regex/reJ21.xml	fail	expected invalid but validator accepted it
instance-invalid	reJ23::msMeta/../msData/regex/reJ23.xml	fail	expected invalid but validator accepted it
instance-invalid	reJ25::msMeta/../msData/regex/reJ25.xml	fail	expected invalid but validator accepted it
instance-invalid	reJ29::msMeta/../msData/regex/reJ29.xml	fail	expected invalid but validator accepted it
instance-invalid	reJ31::msMeta/../msData/regex/reJ31.xml	fail	expected invalid but validator accepted it
instance-invalid	reJ33::msMeta/../msData/regex/reJ33.xml	fail	expected invalid but validator accepted it
instance-invalid	reJ35::msMeta/../msData/regex/reJ35.xml	fail	expected invalid but validator accepted it
instance-invalid	reJ61::msMeta/../msData/regex/reJ61.xml	fail	expected invalid but validator accepted it
instance-invalid	reJ69::msMeta/../msData/regex/reJ69.xml	fail	expected invalid but validator accepted it
instance-invalid	reJ75::msMeta/../msData/regex/reJ75.xml	fail	expected invalid but validator accepted it
instance-invalid	reJ77::msMeta/../msData/regex/reJ77.xml	fail	expected invalid but validator accepted it
instance-invalid	reL98::msMeta/../msData/regex/reL98.xml	fail	expected invalid but validator accepted it
instance-invalid	reL99::msMeta/../msData/regex/reL99.xml	fail	expected invalid but validator accepted it
instance-invalid	reM77::msMeta/../msData/regex/reM77.xml	fail	expected invalid but validator accepted it
instance-invalid	reM98::msMeta/../msData/regex/reM98.xml	fail	expected invalid but validator accepted it
instance-invalid	reN75::msMeta/../msData/regex/reN75.xml	fail	expected invalid but validator accepted it
instance-invalid	reN99::msMeta/../msData/regex/reN99.xml	fail	expected invalid but validator accepted it
instance-invalid	reS21::msMeta/../msData/regex/reS21.xml	fail	expected invalid but validator accepted it
instance-invalid	reS42::msMeta/../msData/regex/reS42.xml	fail	expected invalid but validator accepted it
instance-invalid	reT63::msMeta/../msData/regex/reT63.xml	fail	expected invalid but validator accepted it
instance-invalid	reT84::msMeta/../msData/regex/reT84.xml	fail	expected invalid but validator accepted it
instance-invalid	reZ002::msMeta/../msData/regex/reZ002.xml	fail	expected invalid but validator accepted it
instance-invalid	s3_10_1ii08::ibmMeta/../ibmData/instance_invalid/S3_10_1/s3_10_1ii08.xml	fail	expected invalid but validator accepted it
instance-invalid	s3_10_1ii09::ibmMeta/../ibmData/instance_invalid/S3_10_1/s3_10_1ii09.xml	fail	expected invalid but validator accepted it
instance-invalid	s3_10_6ii01::ibmMeta/../ibmData/instance_invalid/S3_10_6/s3_10_6ii01.xml	fail	expected invalid but validator accepted it
instance-invalid	s3_10_6ii02::ibmMeta/../ibmData/instance_invalid/S3_10_6/s3_10_6ii02.xml	blocked	schema failed to compile
instance-invalid	s3_10_6ii04::ibmMeta/../ibmData/instance_invalid/S3_10_6/s3_10_6ii04.xml	fail	expected invalid but validator accepted it
instance-invalid	schA8::msMeta/../msData/schema/schA8.xml	blocked	schema failed to compile
instance-invalid	schR2::msMeta/../msData/schema/schR2.xml	blocked	schema failed to compile
instance-invalid	schT6::msMeta/../msData/schema/schT6.xml	blocked	schema failed to compile
instance-invalid	schU3::msMeta/../msData/schema/schU3.xml	blocked	schema failed to compile
instance-invalid	schU4::msMeta/../msData/schema/schU4.xml	blocked	schema failed to compile
instance-invalid	schU5::msMeta/../msData/schema/schU5.xml	blocked	schema failed to compile
instance-invalid	stE054::msMeta/../msData/simpleType/stE054.xml	fail	expected invalid but validator accepted it
instance-invalid	stE063::msMeta/../msData/simpleType/stE063.xml	fail	expected invalid but validator accepted it
instance-invalid	stG005::msMeta/../msData/simpleType/stG005.xml	fail	expected invalid but validator accepted it
instance-invalid	stH002::msMeta/../msData/simpleType/stH002.xml	fail	expected invalid but validator accepted it
instance-invalid	stH004::msMeta/../msData/simpleType/stH004.xml	fail	expected invalid but validator accepted it
instance-invalid	stH006::msMeta/../msData/simpleType/stH006.xml	fail	expected invalid but validator accepted it
instance-invalid	stH008::msMeta/../msData/simpleType/stH008.xml	fail	expected invalid but validator accepted it
instance-invalid	stZ032::msMeta/../msData/simpleType/stZ032.xml	blocked	schema failed to compile
instance-invalid	stZ033::msMeta/../msData/simpleType/stZ033.xml	blocked	schema failed to compile
instance-invalid	stZ034::msMeta/../msData/simpleType/stZ034.xml	blocked	schema failed to compile
instance-invalid	stZ051::msMeta/../msData/simpleType/test107331_1.xml	fail	expected invalid but validator accepted it
instance-invalid	stZ056::msMeta/../msData/simpleType/test107331_10.xml	fail	expected invalid but validator accepted it
instance-invalid	stZ059::msMeta/../msData/simpleType/test102159_2.xml	blocked	schema failed to compile
instance-invalid	stZ060::msMeta/../msData/simpleType/test102159_3.xml	blocked	schema failed to compile
instance-invalid	stZ061::msMeta/../msData/simpleType/test102159_4.xml	blocked	schema failed to compile
instance-invalid	stZ064::msMeta/../msData/simpleType/test102159_7.xml	blocked	schema failed to compile
instance-invalid	stZ066::msMeta/../msData/simpleType/test102159_9.xml	blocked	schema failed to compile
instance-invalid	st_basetd00201m::sunMeta/../sunData/SType/ST_baseTD/ST_baseTD00201m/ST_baseTD00201m1_n.xml	fail	expected invalid but validator accepted it
instance-invalid	st_basetd00301m::sunMeta/../sunData/SType/ST_baseTD/ST_baseTD00301m/ST_baseTD00301m1_n.xml	fail	expected invalid but validator accepted it
instance-invalid	st_basetd00302m::sunMeta/../sunData/SType/ST_baseTD/ST_baseTD00302m/ST_baseTD00302m1_n.xml	fail	expected invalid but validator accepted it
instance-invalid	st_basetd00302m::sunMeta/../sunData/SType/ST_baseTD/ST_baseTD00302m/ST_baseTD00302m2_n.xml	fail	expected invalid but validator accepted it
instance-invalid	st_basetd00302m::sunMeta/../sunData/SType/ST_baseTD/ST_baseTD00302m/ST_baseTD00302m3_n.xml	fail	expected invalid but validator accepted it
instance-invalid	st_final00101m2::sunMeta/../sunData/SType/ST_final/ST_final00101m/ST_final00101m2_n.xml	fail	expected invalid but validator accepted it
instance-invalid	st_final00101m3::sunMeta/../sunData/SType/ST_final/ST_final00101m/ST_final00101m3_n.xml	fail	expected invalid but validator accepted it
instance-invalid	st_final00101m4::sunMeta/../sunData/SType/ST_final/ST_final00101m/ST_final00101m4_n.xml	fail	expected invalid but validator accepted it
instance-invalid	st_final00101m5::sunMeta/../sunData/SType/ST_final/ST_final00101m/ST_final00101m5_n.xml	fail	expected invalid but validator accepted it
instance-invalid	st_final00101m6::sunMeta/../sunData/SType/ST_final/ST_final00101m/ST_final00101m6_n.xml	fail	expected invalid but validator accepted it
instance-invalid	st_final00102m3::sunMeta/../sunData/SType/ST_final/ST_final00102m/ST_final00102m3_n.xml	fail	expected invalid but validator accepted it
instance-invalid	st_final00102m4::sunMeta/../sunData/SType/ST_final/ST_final00102m/ST_final00102m4_n.xml	fail	expected invalid but validator accepted it
instance-invalid	st_final00102m5::sunMeta/../sunData/SType/ST_final/ST_final00102m/ST_final00102m5_n.xml	fail	expected invalid but validator accepted it
instance-invalid	st_final00102m6::sunMeta/../sunData/SType/ST_final/ST_final00102m/ST_final00102m6_n.xml	fail	expected invalid but validator accepted it
instance-invalid	st_final00103m3::sunMeta/../sunData/SType/ST_final/ST_final00103m/ST_final00103m3_n.xml	fail	expected invalid but validator accepted it
instance-invalid	st_targetns00101m::sunMeta/../sunData/SType/ST_targetNS/ST_targetNS00101m/ST_targetNS00101m1_n.xml	fail	expected invalid but validator accepted it
instance-invalid	st_targetns00101m::sunMeta/../sunData/SType/ST_targetNS/ST_targetNS00101m/ST_targetNS00101m2_n.xml	fail	expected invalid but validator accepted it
instance-invalid	ste110::msMeta/../msData/simpleType/ste100.xml	fail	expected invalid but validator accepted it
instance-invalid	string_pattern002_1031::msMeta/../msData/datatypes/Facets/string/string_pattern002.xml	fail	expected invalid but validator accepted it
instance-invalid	substgrpaffil00101m::sunMeta/../sunData/ElemDecl/substGroupAffilation/substGrpAffil00101m/substGrpAffil00101m1_n.xml	fail	expected invalid but validator accepted it
instance-invalid	targetns00101m2::sunMeta/../sunData/MGroupDef/targetNS/targetNS00101m/targetNS00101m2_n.xml	blocked	schema failed to compile
instance-invalid	targetns00101m::sunMeta/../sunData/CType/targetNS/targetNS00101m/targetNS00101m1_n.xml	fail	expected invalid but validator accepted it
instance-invalid	targetns00301m1::sunMeta/../sunData/ElemDecl/targetNS/targetNS00301m/targetNS00301m1_n.xml	fail	expected invalid but validator accepted it
instance-invalid	targetns00301m2::sunMeta/../sunData/ElemDecl/targetNS/targetNS00301m/targetNS00301m2_n.xml	fail	expected invalid but validator accepted it
instance-invalid	targetns00301m3::sunMeta/../sunData/ElemDecl/targetNS/targetNS00301m/targetNS00301m3_n.xml	fail	expected invalid but validator accepted it
instance-invalid	targetns00302m1::sunMeta/../sunData/ElemDecl/targetNS/targetNS00302m/targetNS00302m1_n.xml	fail	expected invalid but validator accepted it
instance-invalid	targetns00302m2::sunMeta/../sunData/ElemDecl/targetNS/targetNS00302m/targetNS00302m2_n.xml	fail	expected invalid but validator accepted it
instance-invalid	targetns00302m3::sunMeta/../sunData/ElemDecl/targetNS/targetNS00302m/targetNS00302m3_n.xml	fail	expected invalid but validator accepted it
instance-invalid	targetns00303m1::sunMeta/../sunData/ElemDecl/targetNS/targetNS00303m/targetNS00303m1_n.xml	fail	expected invalid but validator accepted it
instance-invalid	targetns00303m2::sunMeta/../sunData/ElemDecl/targetNS/targetNS00303m/targetNS00303m2_n.xml	fail	expected invalid but validator accepted it
instance-invalid	targetns00303m3::sunMeta/../sunData/ElemDecl/targetNS/targetNS00303m/targetNS00303m3_n.xml	fail	expected invalid but validator accepted it
instance-invalid	targetns00401m::sunMeta/../sunData/ElemDecl/targetNS/targetNS00401m/targetNS00401m1_n.xml	fail	expected invalid but validator accepted it
instance-invalid	targetns00402m::sunMeta/../sunData/ElemDecl/targetNS/targetNS00402m/targetNS00402m1_n.xml	fail	expected invalid but validator accepted it
instance-invalid	test004::sunMeta/../sunData/combined/004/test.2.n.xml	fail	expected invalid but validator accepted it
instance-invalid	test004::sunMeta/../sunData/combined/004/test.3.n.xml	fail	expected invalid but validator accepted it
instance-invalid	test004::sunMeta/../sunData/combined/004/test.4.n.xml	fail	expected invalid but validator accepted it
instance-invalid	test004::sunMeta/../sunData/combined/004/test.5.n.xml	fail	expected invalid but validator accepted it
instance-invalid	test005::sunMeta/../sunData/combined/005/test.2.n.xml	fail	expected invalid but validator accepted it
instance-invalid	test005::sunMeta/../sunData/combined/005/test.3.n.xml	fail	expected invalid but validator accepted it
instance-invalid	test005::sunMeta/../sunData/combined/005/test.4.n.xml	fail	expected invalid but validator accepted it
instance-invalid	test005::sunMeta/../sunData/combined/005/test.5.n.xml	fail	expected invalid but validator accepted it
instance-invalid	test007::sunMeta/../sunData/combined/007/test.2.n.xml	fail	expected invalid but validator accepted it
instance-invalid	test007::sunMeta/../sunData/combined/007/test.7.n.xml	fail	expected invalid but validator accepted it
instance-invalid	test007::sunMeta/../sunData/combined/007/test.8.n.xml	fail	expected invalid but validator accepted it
instance-invalid	test008::sunMeta/../sunData/combined/008/test.10.n.xml	fail	expected invalid but validator accepted it
instance-invalid	test008::sunMeta/../sunData/combined/008/test.11.n.xml	fail	expected invalid but validator accepted it
instance-invalid	test009::sunMeta/../sunData/combined/009/test.13.n.xml	fail	expected invalid but validator accepted it
instance-invalid	test009::sunMeta/../sunData/combined/009/test.8.n.xml	fail	expected invalid but validator accepted it
instance-invalid	test93160::msMeta/../msData/additional/test93160.xml	fail	expected invalid but validator accepted it
instance-invalid	time016_2024::msMeta/../msData/datatypes/time016.xml	fail	expected invalid but validator accepted it
instance-invalid	typedef00204m::sunMeta/../sunData/ElemDecl/typeDef/typeDef00204m/typeDef00204m1_n.xml	fail	expected invalid but validator accepted it
instance-invalid	typedef00401m::sunMeta/../sunData/ElemDecl/typeDef/typeDef00401m/typeDef00401m1_n.xml	fail	expected invalid but validator accepted it
instance-invalid	typedef00402m::sunMeta/../sunData/ElemDecl/typeDef/typeDef00402m/typeDef00402m1_n.xml	fail	expected invalid but validator accepted it
instance-invalid	typedef00801m3::sunMeta/../sunData/ElemDecl/typeDef/typeDef00801m/typeDef00801m3_n.xml	fail	expected invalid but validator accepted it
instance-invalid	typedef00802m2::sunMeta/../sunData/ElemDecl/typeDef/typeDef00802m/typeDef00802m2_n.xml	fail	expected invalid but validator accepted it
instance-invalid	typedef01101m1::sunMeta/../sunData/ElemDecl/typeDef/typeDef01101m/typeDef01101m1_n.xml	fail	expected invalid but validator accepted it
instance-invalid	typedef01201m1::sunMeta/../sunData/ElemDecl/typeDef/typeDef01201m/typeDef01201m1_n.xml	fail	expected invalid but validator accepted it
instance-invalid	typedef01202m1::sunMeta/../sunData/ElemDecl/typeDef/typeDef01202m/typeDef01202m1_n.xml	fail	expected invalid but validator accepted it
instance-invalid	typedef01301m1::sunMeta/../sunData/ElemDecl/typeDef/typeDef01301m/typeDef01301m1_n.xml	fail	expected invalid but validator accepted it
instance-invalid	valueconstraint00701m1::sunMeta/../sunData/ElemDecl/valueConstraint/valueConstraint00701m/valueConstraint00701m1_n.xml	fail	expected invalid but validator accepted it
instance-invalid	wildG009::msMeta/../msData/wildcards/wildG009.xml	fail	expected invalid but validator accepted it
instance-invalid	wildO006::msMeta/../msData/wildcards/wildO006.xml	fail	expected invalid but validator accepted it
instance-invalid	wildZ010::msMeta/../msData/wildcards/wildZ010.xml	blocked	schema failed to compile
instance-invalid	wildZ011::msMeta/../msData/wildcards/wildZ011.xml	blocked	schema failed to compile
instance-invalid	wildZ013a::msMeta/../msData/wildcards/test328873a.xml	blocked	schema failed to compile
instance-invalid	wildZ013d::msMeta/../msData/wildcards/test328873d.xml	blocked	schema failed to compile
instance-invalid	wildZ013e::msMeta/../msData/wildcards/test328873e.xml	blocked	schema failed to compile
instance-invalid	wildZ013f::msMeta/../msData/wildcards/test328873f.xml	blocked	schema failed to compile
instance-invalid	xsd001::sunMeta/../sunData/combined/xsd001/xsd001.n02.xml	fail	expected invalid but validator accepted it
instance-invalid	xsd001::sunMeta/../sunData/combined/xsd001/xsd001.n03.xml	fail	expected invalid but validator accepted it
instance-invalid	xsd001::sunMeta/../sunData/combined/xsd001/xsd001.n07.xml	fail	expected invalid but validator accepted it
instance-invalid	xsd002::sunMeta/../sunData/combined/xsd002/xsd002.n00.xml	fail	expected invalid but validator accepted it
instance-invalid	xsd002::sunMeta/../sunData/combined/xsd002/xsd002.n01.xml	fail	expected invalid but validator accepted it
instance-invalid	xsd002::sunMeta/../sunData/combined/xsd002/xsd002.n02.xml	fail	expected invalid but validator accepted it
instance-invalid	xsd003b::sunMeta/../sunData/combined/xsd003b/xsd003b.n00.xml	blocked	schema failed to compile
instance-invalid	xsd003b::sunMeta/../sunData/combined/xsd003b/xsd003b.n01.xml	blocked	schema failed to compile
instance-invalid	xsd004::sunMeta/../sunData/combined/xsd004/xsd004.n00.xml	blocked	schema failed to compile
instance-invalid	xsd004::sunMeta/../sunData/combined/xsd004/xsd004.n01.xml	blocked	schema failed to compile
instance-invalid	xsd004::sunMeta/../sunData/combined/xsd004/xsd004.n02.xml	blocked	schema failed to compile
instance-invalid	xsd004::sunMeta/../sunData/combined/xsd004/xsd004.n03.xml	blocked	schema failed to compile
instance-invalid	xsd004::sunMeta/../sunData/combined/xsd004/xsd004.n04.xml	blocked	schema failed to compile
instance-invalid	xsd004::sunMeta/../sunData/combined/xsd004/xsd004.n05.xml	blocked	schema failed to compile
instance-invalid	xsd004::sunMeta/../sunData/combined/xsd004/xsd004.n06.xml	blocked	schema failed to compile
instance-invalid	xsd004::sunMeta/../sunData/combined/xsd004/xsd004.n07.xml	blocked	schema failed to compile
instance-invalid	xsd004::sunMeta/../sunData/combined/xsd004/xsd004.n08.xml	blocked	schema failed to compile
instance-invalid	xsd004::sunMeta/../sunData/combined/xsd004/xsd004.n09.xml	blocked	schema failed to compile
instance-invalid	xsd004::sunMeta/../sunData/combined/xsd004/xsd004.n10.xml	blocked	schema failed to compile
instance-invalid	xsd004::sunMeta/../sunData/combined/xsd004/xsd004.n11.xml	blocked	schema failed to compile
instance-invalid	xsd004::sunMeta/../sunData/combined/xsd004/xsd004.n12.xml	blocked	schema failed to compile
instance-invalid	xsd005::sunMeta/../sunData/combined/xsd005/xsd005.n05.xml	fail	expected invalid but validator accepted it
instance-invalid	xsd021::sunMeta/../sunData/combined/xsd021/xsd021.n00.xml	blocked	schema failed to compile
instance-invalid	xsd021::sunMeta/../sunData/combined/xsd021/xsd021.n01.xml	blocked	schema failed to compile
instance-invalid	xsd021::sunMeta/../sunData/combined/xsd021/xsd021.n02.xml	blocked	schema failed to compile
instance-invalid	xsd021::sunMeta/../sunData/combined/xsd021/xsd021.n03.xml	blocked	schema failed to compile
instance-invalid	xsd021::sunMeta/../sunData/combined/xsd021/xsd021.n04.xml	blocked	schema failed to compile
instance-invalid	xsd021::sunMeta/../sunData/combined/xsd021/xsd021.n05.xml	blocked	schema failed to compile
instance-invalid	xsd021::sunMeta/../sunData/combined/xsd021/xsd021.n06.xml	blocked	schema failed to compile
instance-invalid	xsd021::sunMeta/../sunData/combined/xsd021/xsd021.n07.xml	blocked	schema failed to compile
instance-invalid	xsd021::sunMeta/../sunData/combined/xsd021/xsd021.n08.xml	blocked	schema failed to compile
instance-invalid	xsd021::sunMeta/../sunData/combined/xsd021/xsd021.n09.xml	blocked	schema failed to compile
instance-invalid	xsd021::sunMeta/../sunData/combined/xsd021/xsd021.n10.xml	blocked	schema failed to compile
instance-invalid	xsd021::sunMeta/../sunData/combined/xsd021/xsd021.n11.xml	blocked	schema failed to compile
instance-invalid	xsd022::sunMeta/../sunData/combined/xsd022/xsd022.n00.xml	fail	expected invalid but validator accepted it
instance-invalid	xv009::saxonMeta/../saxonData/XmlVersions/xv009.n01.xml	blocked	parse error: not well-formed: character reference '&#xc;' denotes an illegal character in text content
instance-invalid	xv009::saxonMeta/../saxonData/XmlVersions/xv009.n02.xml	fail	expected invalid but validator accepted it
instance-invalid	xv009::saxonMeta/../saxonData/XmlVersions/xv009.n03.xml	fail	expected invalid but validator accepted it
instance-invalid	xv100notc::saxonMeta/../saxonData/XmlVersions/xv100.c.xml	fail	expected invalid but validator accepted it
instance-invalid	xv100notc::saxonMeta/../saxonData/XmlVersions/xv100.i.xml	fail	expected invalid but validator accepted it
instance-invalid	xv100notc::saxonMeta/../saxonData/XmlVersions/xv100.noti.xml	fail	expected invalid but validator accepted it
instance-invalid	xv100noti::saxonMeta/../saxonData/XmlVersions/xv100.c.xml	fail	expected invalid but validator accepted it
instance-invalid	xv100noti::saxonMeta/../saxonData/XmlVersions/xv100.i.xml	fail	expected invalid but validator accepted it
instance-valid	QFE1700c2::msMeta/../msData/element/QFE1700c2.xml	fail	expected valid but validator reported errors
instance-valid	QFE1700g2::msMeta/../msData/element/QFE1700g2.xml	fail	expected valid but validator reported errors
instance-valid	addA006::msMeta/../msData/additional/adhocAddB002.xml	blocked	schema failed to compile
instance-valid	addA008::msMeta/../msData/additional/adhocAddB004.xml	blocked	schema failed to compile
instance-valid	addB076::msMeta/../msData/additional/addB076.xml	fail	expected valid but validator reported errors
instance-valid	addB088::msMeta/../msData/additional/addB088.xml	blocked	schema failed to compile
instance-valid	addB104::msMeta/../msData/additional/addB104.xml	fail	expected valid but validator reported errors
instance-valid	addB116::msMeta/../msData/additional/test75092.xml	fail	expected valid but validator reported errors
instance-valid	addB132::msMeta/../msData/additional/test66745.xml	blocked	schema failed to compile
instance-valid	addB134::msMeta/../msData/additional/test72131.xml	blocked	schema failed to compile
instance-valid	addB148::msMeta/../msData/additional/test93276.xml	blocked	schema failed to compile
instance-valid	addB155::msMeta/../msData/additional/test93490_1.xml	blocked	schema failed to compile
instance-valid	addB157::msMeta/../msData/additional/test93490_3.xml	blocked	schema failed to compile
instance-valid	addB160::msMeta/../msData/additional/test93490_6.xml	blocked	schema failed to compile
instance-valid	addB163::msMeta/../msData/additional/test93490_9.xml	blocked	schema failed to compile
instance-valid	addB165::msMeta/../msData/additional/test93490_11.xml	blocked	schema failed to compile
instance-valid	addB167::msMeta/../msData/additional/test93490_13.xml	blocked	schema failed to compile
instance-valid	addB168::msMeta/../msData/additional/test93490_14.xml	blocked	schema failed to compile
instance-valid	addB169::msMeta/../msData/additional/test93490_15.xml	blocked	schema failed to compile
instance-valid	addB174::msMeta/../msData/additional/test102433_5.xml	fail	expected valid but validator reported errors
instance-valid	addB187::msMeta/../msData/additional/test264908_1.xml	blocked	schema failed to compile
instance-valid	addB31::msMeta/../msData/additional/test69277.xml	fail	expected valid but validator reported errors
instance-valid	addD004::msMeta/../msData/additional/ipo_s1.xml	blocked	schema failed to compile
instance-valid	addD004a::msMeta/../msData/additional/ipo.xml	blocked	schema failed to compile
instance-valid	adda007::msMeta/../msData/additional/adhocAddB003.xml	blocked	schema failed to compile
instance-valid	anyURI_a001_1336::msMeta/../msData/datatypes/Facets/anyURI/anyURI_a001.xml	blocked	schema failed to compile
instance-valid	anyURI_a002_1337::msMeta/../msData/datatypes/Facets/anyURI/anyURI_a002.xml	blocked	schema failed to compile
instance-valid	anyURI_b004_1354::msMeta/../msData/datatypes/Facets/anyURI/anyURI_b004.xml	blocked	schema failed to compile
instance-valid	attO006::msMeta/../msData/attribute/attO006.xml	fail	expected valid but validator reported errors
instance-valid	attO009::msMeta/../msData/attribute/attO009.xml	fail	expected valid but validator reported errors
instance-valid	attO011::msMeta/../msData/attribute/attO011.xml	fail	expected valid but validator reported errors
instance-valid	attP032::msMeta/../msData/attribute/attP032.xml	blocked	schema failed to compile
instance-valid	attQ019::msMeta/../msData/attribute/attQ019.xml	blocked	schema failed to compile
instance-valid	attgC007::msMeta/../msData/attributeGroup/attgC007.xml	blocked	schema failed to compile
instance-valid	attgC024::msMeta/../msData/attributeGroup/attgC024.xml	blocked	schema failed to compile
instance-valid	attgC026::msMeta/../msData/attributeGroup/attgC026.xml	blocked	schema failed to compile
instance-valid	attgC035::msMeta/../msData/attributeGroup/attgC035.xml	blocked	schema failed to compile
instance-valid	attgC036::msMeta/../msData/attributeGroup/attgC036.xml	blocked	schema failed to compile
instance-valid	attgC037::msMeta/../msData/attributeGroup/attgC037.xml	blocked	schema failed to compile
instance-valid	attgC038::msMeta/../msData/attributeGroup/attgC038.xml	blocked	schema failed to compile
instance-valid	attgD034::msMeta/../msData/attributeGroup/attgD034.xml	fail	expected valid but validator reported errors
instance-valid	attgD036::msMeta/../msData/attributeGroup/attgD036.xml	blocked	schema failed to compile
instance-valid	complex013::saxonMeta/../saxonData/Complex/complex013.v2.xml	fail	expected valid but validator reported errors
instance-valid	complex014::saxonMeta/../saxonData/Complex/complex013.v2.xml	fail	expected valid but validator reported errors
instance-valid	ctE018::msMeta/../msData/complexType/ctE018.xml	blocked	schema failed to compile
instance-valid	ctE019::msMeta/../msData/complexType/ctE019.xml	blocked	schema failed to compile
instance-valid	ctG035::msMeta/../msData/complexType/ctG035.xml	blocked	schema failed to compile
instance-valid	ctG047::msMeta/../msData/complexType/ctG047.xml	blocked	schema failed to compile
instance-valid	ctH011::msMeta/../msData/complexType/ctH011.xml	blocked	schema failed to compile
instance-valid	ctH035::msMeta/../msData/complexType/ctH035.xml	blocked	schema failed to compile
instance-valid	ctH047::msMeta/../msData/complexType/ctH047.xml	blocked	schema failed to compile
instance-valid	ctL021::msMeta/../msData/complexType/ctL021.xml	fail	expected valid but validator reported errors
instance-valid	ctO006::msMeta/../msData/complexType/ctO006.xml	blocked	schema failed to compile
instance-valid	ctZ007::msMeta/../msData/complexType/ctZ007.xml	blocked	schema failed to compile
instance-valid	ctZ011_a::msMeta/../msData/complexType/ctZ011.xml	blocked	schema failed to compile
instance-valid	dateTime_enumeration005a_1129::msMeta/../msData/datatypes/Facets/dateTime/dateTime_enumeration005a.xml	fail	expected valid but validator reported errors
instance-valid	dateTime_enumeration005b_1130::msMeta/../msData/datatypes/Facets/dateTime/dateTime_enumeration005b.xml	fail	expected valid but validator reported errors
instance-valid	dtZ107447_a_2245::msMeta/../msData/datatypes/test107447.xml	blocked	schema failed to compile
instance-valid	elemT071::msMeta/../msData/element/elemT071.xml	fail	expected valid but validator reported errors
instance-valid	elemT072::msMeta/../msData/element/elemT072.xml	fail	expected valid but validator reported errors
instance-valid	elemT073::msMeta/../msData/element/elemT073.xml	fail	expected valid but validator reported errors
instance-valid	elemZ009::msMeta/../msData/element/elemZ009.xml	blocked	schema failed to compile
instance-valid	elemZ010::msMeta/../msData/element/elemZ010.xml	blocked	schema failed to compile
instance-valid	elemZ014::msMeta/../msData/element/elemZ014.xml	fail	expected valid but validator reported errors
instance-valid	elemZ017::msMeta/../msData/element/elemZ017.xml	blocked	schema failed to compile
instance-valid	elemZ020::msMeta/../msData/element/elemZ020.xml	fail	expected valid but validator reported errors
instance-valid	elemZ021e::msMeta/../msData/element/test115044_a.xml	blocked	schema failed to compile
instance-valid	elemZ022b::msMeta/../msData/element/test115478_b.xml	blocked	schema failed to compile
instance-valid	elemZ033b::msMeta/../msData/element/elemZ033b.xml	blocked	schema failed to compile
instance-valid	errC007::msMeta/../msData/errata10/errC007.xml	fail	expected valid but validator reported errors
instance-valid	groupB009v::msMeta/../msData/group/groupB009.xml	blocked	schema failed to compile
instance-valid	groupB010v::msMeta/../msData/group/groupB010.xml	blocked	schema failed to compile
instance-valid	groupF009v::msMeta/../msData/group/groupF009.xml	fail	expected valid but validator reported errors
instance-valid	groupF021v::msMeta/../msData/group/groupF021.xml	fail	expected valid but validator reported errors
instance-valid	groupH001v::msMeta/../msData/group/groupH001.xml	fail	expected valid but validator reported errors
instance-valid	groupH004v::msMeta/../msData/group/groupH004.xml	fail	expected valid but validator reported errors
instance-valid	groupH009v::msMeta/../msData/group/groupH009.xml	fail	expected valid but validator reported errors
instance-valid	groupJ021v::msMeta/../msData/group/groupJ021.xml	fail	expected valid but validator reported errors
instance-valid	groupL001v::msMeta/../msData/group/groupL001.xml	fail	expected valid but validator reported errors
instance-valid	groupL004v::msMeta/../msData/group/groupL004.xml	fail	expected valid but validator reported errors
instance-valid	groupL009v::msMeta/../msData/group/groupL009.xml	fail	expected valid but validator reported errors
instance-valid	idF024::msMeta/../msData/identityConstraint/idF024.xml	blocked	schema failed to compile
instance-valid	idF025::msMeta/../msData/identityConstraint/idF025.xml	blocked	schema failed to compile
instance-valid	idF029::msMeta/../msData/identityConstraint/idF029.xml	blocked	schema failed to compile
instance-valid	idF030::msMeta/../msData/identityConstraint/idF030.xml	blocked	schema failed to compile
instance-valid	idF033::msMeta/../msData/identityConstraint/idF033.xml	blocked	schema failed to compile
instance-valid	idF034::msMeta/../msData/identityConstraint/idF034.xml	blocked	schema failed to compile
instance-valid	idG018::msMeta/../msData/identityConstraint/idG018.xml	blocked	schema failed to compile
instance-valid	idG019::msMeta/../msData/identityConstraint/idG019.xml	blocked	schema failed to compile
instance-valid	idG022::msMeta/../msData/identityConstraint/idG022.xml	fail	expected valid but validator reported errors
instance-valid	idG023::msMeta/../msData/identityConstraint/idG023.xml	blocked	schema failed to compile
instance-valid	idG024::msMeta/../msData/identityConstraint/idG024.xml	blocked	schema failed to compile
instance-valid	idG027::msMeta/../msData/identityConstraint/idG027.xml	blocked	schema failed to compile
instance-valid	idG028::msMeta/../msData/identityConstraint/idG028.xml	blocked	schema failed to compile
instance-valid	idG029::msMeta/../msData/identityConstraint/idG029.xml	fail	expected valid but validator reported errors
instance-valid	idH022::msMeta/../msData/identityConstraint/idH022.xml	blocked	schema failed to compile
instance-valid	idH023::msMeta/../msData/identityConstraint/idH023.xml	blocked	schema failed to compile
instance-valid	idH027::msMeta/../msData/identityConstraint/idH027.xml	blocked	schema failed to compile
instance-valid	idH028::msMeta/../msData/identityConstraint/idH028.xml	blocked	schema failed to compile
instance-valid	idH031::msMeta/../msData/identityConstraint/idH031.xml	blocked	schema failed to compile
instance-valid	idH031a::msMeta/../msData/identityConstraint/idH031.xml	blocked	schema failed to compile
instance-valid	idH032::msMeta/../msData/identityConstraint/idH032.xml	blocked	schema failed to compile
instance-valid	idL048::msMeta/../msData/identityConstraint/idL048.xml	fail	expected valid but validator reported errors
instance-valid	idL049::msMeta/../msData/identityConstraint/idL049.xml	fail	expected valid but validator reported errors
instance-valid	idL088::msMeta/../msData/identityConstraint/idL088.xml	fail	expected valid but validator reported errors
instance-valid	idL102::msMeta/../msData/identityConstraint/idL102.xml	fail	expected valid but validator reported errors
instance-valid	idconstrdefs00201m::sunMeta/../sunData/ElemDecl/identityConstraintDefs/idConstrDefs00201m/idConstrDefs00201m1_p.xml	fail	expected valid but validator reported errors
instance-valid	identitytestsuitetest002::sunMeta/../sunData/combined/identity/IdentityTestSuite/002/test.2.v.xml	fail	expected valid but validator reported errors
instance-valid	identitytestsuitetest003::sunMeta/../sunData/combined/identity/IdentityTestSuite/003/test.1.v.xml	fail	expected valid but validator reported errors
instance-valid	identitytestsuitetest003::sunMeta/../sunData/combined/identity/IdentityTestSuite/003/test.2.v.xml	fail	expected valid but validator reported errors
instance-valid	introspection::common/../boeingMeta/BoeingXSDTestSet.testSet	blocked	schema failed to compile
instance-valid	introspection::common/../common/introspection.testSet	blocked	schema failed to compile
instance-valid	introspection::common/../ibmMeta/allGroup.testSet	blocked	schema failed to compile
instance-valid	introspection::common/../ibmMeta/anyAttribute.testSet	blocked	schema failed to compile
instance-valid	introspection::common/../ibmMeta/assert.testSet	blocked	schema failed to compile
instance-valid	introspection::common/../ibmMeta/assertion.testSet	blocked	schema failed to compile
instance-valid	introspection::common/../ibmMeta/conditionalInclusion.testSet	blocked	schema failed to compile
instance-valid	introspection::common/../ibmMeta/constraintsOnAttribute.testSet	blocked	schema failed to compile
instance-valid	introspection::common/../ibmMeta/cyclicRedefineIncludeImportOverride.testSet	blocked	schema failed to compile
instance-valid	introspection::common/../ibmMeta/date.testSet	blocked	schema failed to compile
instance-valid	introspection::common/../ibmMeta/dateTimeStamp.testSet	blocked	schema failed to compile
instance-valid	introspection::common/../ibmMeta/dayTimeDuration.testSet	blocked	schema failed to compile
instance-valid	introspection::common/../ibmMeta/defaultAttributesApply.testSet	blocked	schema failed to compile
instance-valid	introspection::common/../ibmMeta/defaultFixed.testSet	blocked	schema failed to compile
instance-valid	introspection::common/../ibmMeta/double.testSet	blocked	schema failed to compile
instance-valid	introspection::common/../ibmMeta/edcWildcard.testSet	blocked	schema failed to compile
instance-valid	introspection::common/../ibmMeta/explicitTimezone.testSet	blocked	schema failed to compile
instance-valid	introspection::common/../ibmMeta/float.testSet	blocked	schema failed to compile
instance-valid	introspection::common/../ibmMeta/gDay.testSet	blocked	schema failed to compile
instance-valid	introspection::common/../ibmMeta/gMonth.testSet	blocked	schema failed to compile
instance-valid	introspection::common/../ibmMeta/gMonthDay.testSet	blocked	schema failed to compile
instance-valid	introspection::common/../ibmMeta/gYear.testSet	blocked	schema failed to compile
instance-valid	introspection::common/../ibmMeta/gYearMonth.testSet	blocked	schema failed to compile
instance-valid	introspection::common/../ibmMeta/idIDREF.testSet	blocked	schema failed to compile
instance-valid	introspection::common/../ibmMeta/identityConstraint.testSet	blocked	schema failed to compile
instance-valid	introspection::common/../ibmMeta/list.testSet	blocked	schema failed to compile
instance-valid	introspection::common/../ibmMeta/openContent.testSet	blocked	schema failed to compile
instance-valid	introspection::common/../ibmMeta/regularExpression.testSet	blocked	schema failed to compile
instance-valid	introspection::common/../ibmMeta/restrictionOfComplexTypes.testSet	blocked	schema failed to compile
instance-valid	introspection::common/../ibmMeta/rf_whiteSpace.testSet	blocked	schema failed to compile
instance-valid	introspection::common/../ibmMeta/substitutionGroup.testSet	blocked	schema failed to compile
instance-valid	introspection::common/../ibmMeta/targetNamespace.testSet	blocked	schema failed to compile
instance-valid	introspection::common/../ibmMeta/time.testSet	blocked	schema failed to compile
instance-valid	introspection::common/../ibmMeta/typeAlternatives.testSet	blocked	schema failed to compile
instance-valid	introspection::common/../ibmMeta/typeAlternativesMixed.testSet	blocked	schema failed to compile
instance-valid	introspection::common/../ibmMeta/union.testSet	blocked	schema failed to compile
instance-valid	introspection::common/../ibmMeta/unitsLength.testSet	blocked	schema failed to compile
instance-valid	introspection::common/../ibmMeta/unsignedInteger.testSet	blocked	schema failed to compile
instance-valid	introspection::common/../ibmMeta/vc.testSet	blocked	schema failed to compile
instance-valid	introspection::common/../ibmMeta/wildcard.testSet	blocked	schema failed to compile
instance-valid	introspection::common/../ibmMeta/xml11Support.testSet	blocked	schema failed to compile
instance-valid	introspection::common/../ibmMeta/xpathDefaultNSonKeyKeyRefUnique.testSet	blocked	schema failed to compile
instance-valid	introspection::common/../ibmMeta/xsImportReference.testSet	blocked	schema failed to compile
instance-valid	introspection::common/../ibmMeta/yearMonthDuration.testSet	blocked	schema failed to compile
instance-valid	introspection::common/../msMeta/Additional_w3c.xml	blocked	schema failed to compile
instance-valid	introspection::common/../msMeta/Annotations_w3c.xml	blocked	schema failed to compile
instance-valid	introspection::common/../msMeta/AttributeGroup_w3c.xml	blocked	schema failed to compile
instance-valid	introspection::common/../msMeta/Attribute_w3c.xml	blocked	schema failed to compile
instance-valid	introspection::common/../msMeta/ComplexType_w3c.xml	blocked	schema failed to compile
instance-valid	introspection::common/../msMeta/DataTypes_w3c.xml	blocked	schema failed to compile
instance-valid	introspection::common/../msMeta/Element_w3c.xml	blocked	schema failed to compile
instance-valid	introspection::common/../msMeta/Errata10_w3c.xml	blocked	schema failed to compile
instance-valid	introspection::common/../msMeta/Group_w3c.xml	blocked	schema failed to compile
instance-valid	introspection::common/../msMeta/IdentityConstraint_w3c.xml	blocked	schema failed to compile
instance-valid	introspection::common/../msMeta/ModelGroups_w3c.xml	blocked	schema failed to compile
instance-valid	introspection::common/../msMeta/Notations_w3c.xml	blocked	schema failed to compile
instance-valid	introspection::common/../msMeta/Particles_w3c.xml	blocked	schema failed to compile
instance-valid	introspection::common/../msMeta/Regex_w3c.xml	blocked	schema failed to compile
instance-valid	introspection::common/../msMeta/Schema_w3c.xml	blocked	schema failed to compile
instance-valid	introspection::common/../msMeta/SimpleType_w3c.xml	blocked	schema failed to compile
instance-valid	introspection::common/../msMeta/Wildcards_w3c.xml	blocked	schema failed to compile
instance-valid	introspection::common/../nistMeta/NISTXMLSchemaDatatypes.testSet	blocked	schema failed to compile
instance-valid	introspection::common/../oracleMeta/Zone.testSet	blocked	schema failed to compile
instance-valid	introspection::common/../saxonMeta/All.testSet	blocked	schema failed to compile
instance-valid	introspection::common/../saxonMeta/Assert.testSet	blocked	schema failed to compile
instance-valid	introspection::common/../saxonMeta/CTA.testSet	blocked	schema failed to compile
instance-valid	introspection::common/../saxonMeta/Complex.testSet	blocked	schema failed to compile
instance-valid	introspection::common/../saxonMeta/Id.testSet	blocked	schema failed to compile
instance-valid	introspection::common/../saxonMeta/Open.testSet	blocked	schema failed to compile
instance-valid	introspection::common/../saxonMeta/Override.testSet	blocked	schema failed to compile
instance-valid	introspection::common/../saxonMeta/Simple.testSet	blocked	schema failed to compile
instance-valid	introspection::common/../saxonMeta/Subsgroup.testSet	blocked	schema failed to compile
instance-valid	introspection::common/../saxonMeta/TargetNS.testSet	blocked	schema failed to compile
instance-valid	introspection::common/../saxonMeta/VC.testSet	blocked	schema failed to compile
instance-valid	introspection::common/../saxonMeta/Wild.testSet	blocked	schema failed to compile
instance-valid	introspection::common/../saxonMeta/XmlVersions.testSet	blocked	schema failed to compile
instance-valid	introspection::common/../saxonMeta/Zone.testSet	blocked	schema failed to compile
instance-valid	introspection::common/../sunMeta/AGroupDef.testSet	blocked	schema failed to compile
instance-valid	introspection::common/../sunMeta/AttrDecl.testSet	blocked	schema failed to compile
instance-valid	introspection::common/../sunMeta/AttrUse.testSet	blocked	schema failed to compile
instance-valid	introspection::common/../sunMeta/CType.testSet	blocked	schema failed to compile
instance-valid	introspection::common/../sunMeta/ElemDecl.testSet	blocked	schema failed to compile
instance-valid	introspection::common/../sunMeta/IdConstrDefs.testSet	blocked	schema failed to compile
instance-valid	introspection::common/../sunMeta/MGroup.testSet	blocked	schema failed to compile
instance-valid	introspection::common/../sunMeta/MGroupDef.testSet	blocked	schema failed to compile
instance-valid	introspection::common/../sunMeta/Notation.testSet	blocked	schema failed to compile
instance-valid	introspection::common/../sunMeta/SType.testSet	blocked	schema failed to compile
instance-valid	introspection::common/../sunMeta/Schema.testSet	blocked	schema failed to compile
instance-valid	introspection::common/../sunMeta/Wildcard.testSet	blocked	schema failed to compile
instance-valid	introspection::common/../sunMeta/suntest.testSet	blocked	schema failed to compile
instance-valid	introspection::common/../wgMeta/substitution-groups.testSet	blocked	schema failed to compile
instance-valid	ipo2::boeingMeta/../boeingData/ipo2/ipo_1.xml	blocked	schema failed to compile
instance-valid	ipo2::boeingMeta/../boeingData/ipo2/ipo_2.xml	blocked	schema failed to compile
instance-valid	ipo3::boeingMeta/../boeingData/ipo3/ipo_1.xml	blocked	schema failed to compile
instance-valid	ipo3::boeingMeta/../boeingData/ipo3/ipo_2.xml	blocked	schema failed to compile
instance-valid	ipo4::boeingMeta/../boeingData/ipo4/ipo_1.xml	blocked	schema failed to compile
instance-valid	ipo4::boeingMeta/../boeingData/ipo4/ipo_2.xml	blocked	schema failed to compile
instance-valid	ipo5::boeingMeta/../boeingData/ipo5/ipo_1.xml	blocked	schema failed to compile
instance-valid	ipo5::boeingMeta/../boeingData/ipo5/ipo_2.xml	blocked	schema failed to compile
instance-valid	ipo6::boeingMeta/../boeingData/ipo6/ipo_1.xml	blocked	schema failed to compile
instance-valid	ipo6::boeingMeta/../boeingData/ipo6/ipo_2.xml	blocked	schema failed to compile
instance-valid	isDefault072::msMeta/../msData/additional/isdefault072.xml	fail	expected valid but validator reported errors
instance-valid	memberType004::msMeta/../msData/additional/memberType004.xml	fail	expected valid but validator reported errors
instance-valid	memberType008::msMeta/../msData/additional/memberType008.xml	fail	expected valid but validator reported errors
instance-valid	memberType022::msMeta/../msData/additional/memberType022.xml	fail	expected valid but validator reported errors
instance-valid	mgAa003::msMeta/../msData/modelGroups/mgAa003.xml	fail	expected valid but validator reported errors
instance-valid	mgD013::msMeta/../msData/modelGroups/mgD013.xml	fail	expected valid but validator reported errors
instance-valid	mgI018::msMeta/../msData/modelGroups/mgI018.xml	fail	expected valid but validator reported errors
instance-valid	mgO006::msMeta/../msData/modelGroups/mgO006.xml	blocked	schema failed to compile
instance-valid	mgO034::msMeta/../msData/modelGroups/mgO034.xml	blocked	schema failed to compile
instance-valid	mgZ003::msMeta/../msData/modelGroups/mgZ003.xml	fail	expected valid but validator reported errors
instance-valid	particles00205m1::sunMeta/../sunData/MGroup/particles/particles00205m/particles00205m1_p.xml	fail	expected valid but validator reported errors
instance-valid	particles00305m1::sunMeta/../sunData/MGroup/particles/particles00305m/particles00305m1_p.xml	fail	expected valid but validator reported errors
instance-valid	particlesB013::msMeta/../msData/particles/particlesB013.xml	fail	expected valid but validator reported errors
instance-valid	particlesC015::msMeta/../msData/particles/particlesC015.xml	fail	expected valid but validator reported errors
instance-valid	particlesC016::msMeta/../msData/particles/particlesC016.xml	fail	expected valid but validator reported errors
instance-valid	particlesEb027::msMeta/../msData/particles/particlesEb027.xml	fail	expected valid but validator reported errors
instance-valid	particlesEb036::msMeta/../msData/particles/particlesEb036.xml	fail	expected valid but validator reported errors
instance-valid	particlesEb038::msMeta/../msData/particles/particlesEb038.xml	fail	expected valid but validator reported errors
instance-valid	particlesEc001::msMeta/../msData/particles/particlesEc001.xml	fail	expected valid but validator reported errors
instance-valid	particlesIa002::msMeta/../msData/particles/particlesIa002.xml	fail	expected valid but validator reported errors
instance-valid	particlesIc005::msMeta/../msData/particles/particlesIc005.xml	blocked	schema failed to compile
instance-valid	particlesIc006::msMeta/../msData/particles/particlesIc006.xml	blocked	schema failed to compile
instance-valid	particlesIc007::msMeta/../msData/particles/particlesIc007.xml	blocked	schema failed to compile
instance-valid	particlesJe001::msMeta/../msData/particles/particlesJe001.xml	blocked	schema failed to compile
instance-valid	particlesJe002::msMeta/../msData/particles/particlesJe002.xml	blocked	schema failed to compile
instance-valid	particlesJe004::msMeta/../msData/particles/particlesJe004.xml	blocked	schema failed to compile
instance-valid	particlesJe005::msMeta/../msData/particles/particlesJe005.xml	blocked	schema failed to compile
instance-valid	particlesJe007::msMeta/../msData/particles/particlesJe007.xml	blocked	schema failed to compile
instance-valid	particlesJe008::msMeta/../msData/particles/particlesJe008.xml	blocked	schema failed to compile
instance-valid	particlesJe009::msMeta/../msData/particles/particlesJe009.xml	blocked	schema failed to compile
instance-valid	particlesJe010::msMeta/../msData/particles/particlesJe010.xml	blocked	schema failed to compile
instance-valid	particlesJe011::msMeta/../msData/particles/particlesJe011.xml	blocked	schema failed to compile
instance-valid	particlesJf001::msMeta/../msData/particles/particlesJf001.xml	blocked	schema failed to compile
instance-valid	particlesJf002::msMeta/../msData/particles/particlesJf002.xml	blocked	schema failed to compile
instance-valid	particlesJf003::msMeta/../msData/particles/particlesJf003.xml	blocked	schema failed to compile
instance-valid	particlesJf004::msMeta/../msData/particles/particlesJf004.xml	blocked	schema failed to compile
instance-valid	particlesJf005::msMeta/../msData/particles/particlesJf005.xml	blocked	schema failed to compile
instance-valid	particlesJf007::msMeta/../msData/particles/particlesJf007.xml	blocked	schema failed to compile
instance-valid	particlesJf008::msMeta/../msData/particles/particlesJf008.xml	blocked	schema failed to compile
instance-valid	particlesJf010::msMeta/../msData/particles/particlesJf010.xml	blocked	schema failed to compile
instance-valid	particlesJf011::msMeta/../msData/particles/particlesJf011.xml	blocked	schema failed to compile
instance-valid	particlesJf013::msMeta/../msData/particles/particlesJf013.xml	blocked	schema failed to compile
instance-valid	particlesJf015::msMeta/../msData/particles/particlesJf015.xml	blocked	schema failed to compile
instance-valid	particlesJf016::msMeta/../msData/particles/particlesJf016.xml	blocked	schema failed to compile
instance-valid	particlesJj001::msMeta/../msData/particles/particlesJj001.xml	blocked	schema failed to compile
instance-valid	particlesJj002::msMeta/../msData/particles/particlesJj002.xml	blocked	schema failed to compile
instance-valid	particlesJj004::msMeta/../msData/particles/particlesJj004.xml	blocked	schema failed to compile
instance-valid	particlesJj005::msMeta/../msData/particles/particlesJj005.xml	blocked	schema failed to compile
instance-valid	particlesJj007::msMeta/../msData/particles/particlesJj007.xml	blocked	schema failed to compile
instance-valid	particlesJj008::msMeta/../msData/particles/particlesJj008.xml	blocked	schema failed to compile
instance-valid	particlesJj009::msMeta/../msData/particles/particlesJj009.xml	blocked	schema failed to compile
instance-valid	particlesJj010::msMeta/../msData/particles/particlesJj010.xml	blocked	schema failed to compile
instance-valid	particlesJj011::msMeta/../msData/particles/particlesJj011.xml	blocked	schema failed to compile
instance-valid	particlesJk001::msMeta/../msData/particles/particlesJk001.xml	blocked	schema failed to compile
instance-valid	particlesJk002::msMeta/../msData/particles/particlesJk002.xml	blocked	schema failed to compile
instance-valid	particlesJk003::msMeta/../msData/particles/particlesJk003.xml	blocked	schema failed to compile
instance-valid	particlesJk004::msMeta/../msData/particles/particlesJk004.xml	blocked	schema failed to compile
instance-valid	particlesJk005::msMeta/../msData/particles/particlesJk005.xml	blocked	schema failed to compile
instance-valid	particlesJk007::msMeta/../msData/particles/particlesJk007.xml	blocked	schema failed to compile
instance-valid	particlesJk008::msMeta/../msData/particles/particlesJk008.xml	blocked	schema failed to compile
instance-valid	particlesJk010::msMeta/../msData/particles/particlesJk010.xml	blocked	schema failed to compile
instance-valid	particlesJk011::msMeta/../msData/particles/particlesJk011.xml	blocked	schema failed to compile
instance-valid	particlesJk013::msMeta/../msData/particles/particlesJk013.xml	blocked	schema failed to compile
instance-valid	particlesJk015::msMeta/../msData/particles/particlesJk015.xml	blocked	schema failed to compile
instance-valid	particlesJk016::msMeta/../msData/particles/particlesJk016.xml	blocked	schema failed to compile
instance-valid	particlesJl001::msMeta/../msData/particles/particlesJl001.xml	blocked	schema failed to compile
instance-valid	particlesJm004::msMeta/../msData/particles/particlesJm004.xml	blocked	schema failed to compile
instance-valid	particlesJm005::msMeta/../msData/particles/particlesJm005.xml	blocked	schema failed to compile
instance-valid	particlesJn007::msMeta/../msData/particles/particlesJn007.xml	blocked	schema failed to compile
instance-valid	particlesJn008::msMeta/../msData/particles/particlesJn008.xml	blocked	schema failed to compile
instance-valid	particlesJn010::msMeta/../msData/particles/particlesJn010.xml	blocked	schema failed to compile
instance-valid	particlesJs001::msMeta/../msData/particles/particlesJs001.xml	blocked	schema failed to compile
instance-valid	particlesJu001::msMeta/../msData/particles/particlesJu001.xml	blocked	schema failed to compile
instance-valid	particlesJu002::msMeta/../msData/particles/particlesJu002.xml	blocked	schema failed to compile
instance-valid	particlesJu003::msMeta/../msData/particles/particlesJu003.xml	blocked	schema failed to compile
instance-valid	particlesK008::msMeta/../msData/particles/particlesK008.xml	blocked	schema failed to compile
instance-valid	particlesQ016::msMeta/../msData/particles/particlesQ016.xml	blocked	schema failed to compile
instance-valid	particlesQ017::msMeta/../msData/particles/particlesQ017.xml	blocked	schema failed to compile
instance-valid	particlesQ020::msMeta/../msData/particles/particlesQ020.xml	blocked	schema failed to compile
instance-valid	particlesQ022::msMeta/../msData/particles/particlesQ022.xml	blocked	schema failed to compile
instance-valid	particlesQ029::msMeta/../msData/particles/particlesQ029.xml	blocked	schema failed to compile
instance-valid	particlesQ030::msMeta/../msData/particles/particlesQ030.xml	blocked	schema failed to compile
instance-valid	particlesQ032::msMeta/../msData/particles/particlesQ032.xml	blocked	schema failed to compile
instance-valid	particlesR015::msMeta/../msData/particles/particlesR015.xml	blocked	schema failed to compile
instance-valid	particlesR016::msMeta/../msData/particles/particlesR016.xml	blocked	schema failed to compile
instance-valid	particlesR017::msMeta/../msData/particles/particlesR017.xml	blocked	schema failed to compile
instance-valid	particlesR020::msMeta/../msData/particles/particlesR020.xml	blocked	schema failed to compile
instance-valid	particlesR022::msMeta/../msData/particles/particlesR022.xml	blocked	schema failed to compile
instance-valid	particlesR029::msMeta/../msData/particles/particlesR029.xml	blocked	schema failed to compile
instance-valid	particlesR030::msMeta/../msData/particles/particlesR030.xml	blocked	schema failed to compile
instance-valid	particlesZ003::msMeta/../msData/particles/particlesZ003.xml	blocked	schema failed to compile
instance-valid	particlesZ025::msMeta/../msData/particles/particlesZ025.xml	blocked	schema failed to compile
instance-valid	particlesZ040::msMeta/../msData/particles/particlesZ040.xml	blocked	schema failed to compile
instance-valid	reG26::msMeta/../msData/regex/reG26.xml	blocked	schema failed to compile
instance-valid	reG27::msMeta/../msData/regex/reG27.xml	blocked	schema failed to compile
instance-valid	reG28::msMeta/../msData/regex/reG28.xml	blocked	schema failed to compile
instance-valid	reG29::msMeta/../msData/regex/reG29.xml	blocked	schema failed to compile
instance-valid	reG30::msMeta/../msData/regex/reG30.xml	blocked	schema failed to compile
instance-valid	reG31::msMeta/../msData/regex/reG31.xml	blocked	schema failed to compile
instance-valid	reG32::msMeta/../msData/regex/reG32.xml	blocked	schema failed to compile
instance-valid	reG33::msMeta/../msData/regex/reG33.xml	blocked	schema failed to compile
instance-valid	reH19::msMeta/../msData/regex/reH19.xml	blocked	schema failed to compile
instance-valid	reK88::msMeta/../msData/regex/reK88.xml	blocked	schema failed to compile
instance-valid	reZ003v::msMeta/../msData/regex/reZ003v.xml	fail	expected valid but validator reported errors
instance-valid	s3_16_2v07::ibmMeta/../ibmData/valid/S3_16_2/s3_16_2v07.xml	fail	expected valid but validator reported errors
instance-valid	schA4::msMeta/../msData/schema/schA4.xml	blocked	schema failed to compile
instance-valid	schC3::msMeta/../msData/schema/schC3.xml	blocked	schema failed to compile
instance-valid	schC4::msMeta/../msData/schema/schC4.xml	blocked	schema failed to compile
instance-valid	schD10::msMeta/../msData/schema/schD10.xml	blocked	schema failed to compile
instance-valid	schD5::msMeta/../msData/schema/schD5.xml	blocked	schema failed to compile
instance-valid	schD7::msMeta/../msData/schema/schD7.xml	blocked	schema failed to compile
instance-valid	schF1::msMeta/../msData/schema/schF1.xml	blocked	schema failed to compile
instance-valid	schF2::msMeta/../msData/schema/schF2.xml	blocked	schema failed to compile
instance-valid	schF5::msMeta/../msData/schema/schF5.xml	blocked	schema failed to compile
instance-valid	schG12::msMeta/../msData/schema/schG12.xml	blocked	schema failed to compile
instance-valid	schG1::msMeta/../msData/schema/schG1.xml	blocked	schema failed to compile
instance-valid	schG2::msMeta/../msData/schema/schG2.xml	blocked	schema failed to compile
instance-valid	schG3::msMeta/../msData/schema/schG3.xml	blocked	schema failed to compile
instance-valid	schG4::msMeta/../msData/schema/schG4.xml	blocked	schema failed to compile
instance-valid	schG5::msMeta/../msData/schema/schG5.xml	blocked	schema failed to compile
instance-valid	schG7::msMeta/../msData/schema/schG7.xml	blocked	schema failed to compile
instance-valid	schG8::msMeta/../msData/schema/schG8.xml	blocked	schema failed to compile
instance-valid	schP2::msMeta/../msData/schema/schP2.xml	blocked	schema failed to compile
instance-valid	schQ1::msMeta/../msData/schema/schQ1.xml	blocked	schema failed to compile
instance-valid	schQ3::msMeta/../msData/schema/schQ3.xml	blocked	schema failed to compile
instance-valid	schT10::msMeta/../msData/schema/schT10.xml	blocked	schema failed to compile
instance-valid	schT3::msMeta/../msData/schema/schT3.xml	blocked	schema failed to compile
instance-valid	schT9::msMeta/../msData/schema/schT9.xml	blocked	schema failed to compile
instance-valid	stE050::msMeta/../msData/simpleType/stE050.xml	fail	expected valid but validator reported errors
instance-valid	stE096::msMeta/../msData/simpleType/stE096.xml	fail	expected valid but validator reported errors
instance-valid	stZ055::msMeta/../msData/simpleType/test107331_9.xml	fail	expected valid but validator reported errors
instance-valid	stZ058::msMeta/../msData/simpleType/test102159_1.xml	blocked	schema failed to compile
instance-valid	stZ062::msMeta/../msData/simpleType/test102159_5.xml	blocked	schema failed to compile
instance-valid	stZ063::msMeta/../msData/simpleType/test102159_6.xml	blocked	schema failed to compile
instance-valid	stZ071::msMeta/../msData/simpleType/test298668.xml	blocked	schema failed to compile
instance-valid	stZ074::msMeta/../msData/simpleType/stZ074.xml	blocked	schema failed to compile
instance-valid	substgrpaffil00201m::sunMeta/../sunData/ElemDecl/substGroupAffilation/substGrpAffil00201m/substGrpAffil00201m1_p.xml	fail	expected valid but validator reported errors
instance-valid	targetns00101m1::sunMeta/../sunData/IdConstrDefs/targetNS/targetNS00101m/targetNS00101m1_p.xml	blocked	schema failed to compile
instance-valid	targetns00101m2::sunMeta/../sunData/MGroupDef/targetNS/targetNS00101m/targetNS00101m2_p.xml	blocked	schema failed to compile
instance-valid	targetns00101m2::sunMeta/../sunData/Notation/targetNS/targetNS00101m/targetNS00101m2_p.xml	blocked	schema failed to compile
instance-valid	targetns00101m::sunMeta/../sunData/ElemDecl/targetNS/targetNS00101m/targetNS00101m1_p.xml	fail	expected valid but validator reported errors
instance-valid	test008::sunMeta/../sunData/combined/008/test.2.v.xml	fail	expected valid but validator reported errors
instance-valid	test008::sunMeta/../sunData/combined/008/test.3.v.xml	fail	expected valid but validator reported errors
instance-valid	wildG002::msMeta/../msData/wildcards/wildG002.xml	blocked	schema failed to compile
instance-valid	wildG004::msMeta/../msData/wildcards/wildG004.xml	blocked	schema failed to compile
instance-valid	wildG006::msMeta/../msData/wildcards/wildG006.xml	blocked	schema failed to compile
instance-valid	wildG010::msMeta/../msData/wildcards/wildG010.xml	blocked	schema failed to compile
instance-valid	wildG013::msMeta/../msData/wildcards/wildG013.xml	blocked	schema failed to compile
instance-valid	wildH007::msMeta/../msData/wildcards/wildH007.xml	blocked	schema failed to compile
instance-valid	wildI005::msMeta/../msData/wildcards/wildI005.xml	fail	expected valid but validator reported errors
instance-valid	wildI006::msMeta/../msData/wildcards/wildI006.xml	fail	expected valid but validator reported errors
instance-valid	wildI011::msMeta/../msData/wildcards/wildI011.xml	fail	expected valid but validator reported errors
instance-valid	wildI012::msMeta/../msData/wildcards/wildI012.xml	fail	expected valid but validator reported errors
instance-valid	wildZ003::msMeta/../msData/wildcards/wildZ003.xml	blocked	schema failed to compile
instance-valid	wildZ004::msMeta/../msData/wildcards/wildZ004.xml	fail	expected valid but validator reported errors
instance-valid	wildZ013b::msMeta/../msData/wildcards/test328873b.xml	blocked	schema failed to compile
instance-valid	wildZ013c::msMeta/../msData/wildcards/test328873c.xml	blocked	schema failed to compile
instance-valid	xsd002::sunMeta/../sunData/combined/xsd002/xsd002.v01.xml	fail	expected valid but validator reported errors
instance-valid	xsd003a::sunMeta/../sunData/combined/xsd003a/xsd003a.v00.xml	blocked	schema failed to compile
instance-valid	xsd003b::sunMeta/../sunData/combined/xsd003b/xsd003b.v00.xml	blocked	schema failed to compile
instance-valid	xsd003b::sunMeta/../sunData/combined/xsd003b/xsd003b.v01.xml	blocked	schema failed to compile
instance-valid	xsd004::sunMeta/../sunData/combined/xsd004/xsd004.v00.xml	blocked	schema failed to compile
instance-valid	xsd011::sunMeta/../sunData/combined/xsd011/xsd011.v00.xml	fail	expected valid but validator reported errors
instance-valid	xsd012::sunMeta/../sunData/combined/xsd012/xsd012.v00.xml	fail	expected valid but validator reported errors
instance-valid	xsd021::sunMeta/../sunData/combined/xsd021/xsd021.v00.xml	blocked	schema failed to compile
instance-valid	xsd024::sunMeta/../sunData/combined/xsd024/xsd024.xml	blocked	schema failed to compile
instance-valid	xv001::saxonMeta/../saxonData/XmlVersions/xv001.v01.xml	blocked	parse error: not well-formed: illegal element name character U+0133 in name 'Dĳkstra'
instance-valid	xv003::saxonMeta/../saxonData/XmlVersions/xv003.v01.xml	blocked	parse error: not well-formed: character reference '&#x0c;' denotes an illegal character in attribute value
instance-valid	xv004::saxonMeta/../saxonData/XmlVersions/xv004.v01.xml	blocked	parse error: not well-formed: illegal element name character U+0133 in name 'Dĳkstra'
instance-valid	xv006::saxonMeta/../saxonData/XmlVersions/xv006.v01.xml	blocked	parse error: not well-formed: character reference '&#x07;' denotes an illegal character in text content
instance-valid	xv008::saxonMeta/../saxonData/XmlVersions/xv008.v01.xml	blocked	parse error: not well-formed: character reference '&#x07;' denotes an illegal character in text content
schema-indeterminate	addB064::msMeta/../msData/additional/test73722.xsd	unsupported	indeterminate
schema-indeterminate	addB071::msMeta/../msData/additional/test65026.xsd	unsupported	indeterminate
schema-indeterminate	addC002::msMeta/../msData/additional/adhocAddC002.xsd	unsupported	indeterminate
schema-indeterminate	addD003::msMeta/../msData/additional/xsd.xsd	unsupported	indeterminate
schema-indeterminate	elemZ031::msMeta/../msData/element/elemZ031.xsd	unsupported	indeterminate
schema-indeterminate	particlesZ026::msMeta/../msData/particles/particlesZ026a.xsd	unsupported	indeterminate
schema-indeterminate	particlesZ026::msMeta/../msData/particles/particlesZ026b.xsd	unsupported	indeterminate
schema-indeterminate	schG14::msMeta/../msData/schema/schG14.xsd	unsupported	indeterminate
schema-indeterminate	schG14::msMeta/../msData/schema/schG14a.xsd	unsupported	indeterminate
schema-indeterminate	schU3::msMeta/../msData/schema/schU3_a.xsd	unsupported	indeterminate
schema-indeterminate	schU4::msMeta/../msData/schema/schU4_a.xsd	unsupported	indeterminate
schema-indeterminate	schU5::msMeta/../msData/schema/schU5_a.xsd	unsupported	indeterminate
schema-indeterminate	schZ012_a::msMeta/../msData/schema/schZ012_a.xsd	unsupported	indeterminate
schema-indeterminate	schZ015::msMeta/../msData/schema/schZ015.xsd	unsupported	indeterminate
schema-invalid	IDREFS_enumeration001_409::msMeta/../msData/datatypes/Facets/Schemas/IDREFS_enumeration001.xsd	fail	compiled a schema that should be invalid
schema-invalid	IDREFS_length007_396::msMeta/../msData/datatypes/Facets/Schemas/IDREFS_length007.xsd	fail	compiled a schema that should be invalid
schema-invalid	IDREF_enumeration001_540::msMeta/../msData/datatypes/Facets/Schemas/IDREF_enumeration001.xsd	fail	compiled a schema that should be invalid
schema-invalid	IDREF_length006_525::msMeta/../msData/datatypes/Facets/Schemas/IDREF_length006.xsd	fail	compiled a schema that should be invalid
schema-invalid	IDREF_length007_526::msMeta/../msData/datatypes/Facets/Schemas/IDREF_length007.xsd	fail	compiled a schema that should be invalid
schema-invalid	ID_enumeration001_518::msMeta/../msData/datatypes/Facets/Schemas/ID_enumeration001.xsd	fail	compiled a schema that should be invalid
schema-invalid	ID_length006_503::msMeta/../msData/datatypes/Facets/Schemas/ID_length006.xsd	fail	compiled a schema that should be invalid
schema-invalid	ID_length007_504::msMeta/../msData/datatypes/Facets/Schemas/ID_length007.xsd	fail	compiled a schema that should be invalid
schema-invalid	NMTOKENS_enumeration001_452::msMeta/../msData/datatypes/Facets/Schemas/NMTOKENS_enumeration001.xsd	fail	compiled a schema that should be invalid
schema-invalid	NMTOKENS_length007_439::msMeta/../msData/datatypes/Facets/Schemas/NMTOKENS_length007.xsd	fail	compiled a schema that should be invalid
schema-invalid	NMTOKENS_maxLength001_1468::msMeta/../msData/datatypes/Facets/NMTOKENS/NMTOKENS_maxLength001.xsd	fail	compiled a schema that should be invalid
schema-invalid	NMTOKENS_minLength001_1464::msMeta/../msData/datatypes/Facets/NMTOKENS/NMTOKENS_minLength001.xsd	fail	compiled a schema that should be invalid
schema-invalid	NMTOKENS_minLength004_1467::msMeta/../msData/datatypes/Facets/NMTOKENS/NMTOKENS_minLength004.xsd	fail	compiled a schema that should be invalid
schema-invalid	NMTOKEN_enumeration001_431::msMeta/../msData/datatypes/Facets/Schemas/NMTOKEN_enumeration001.xsd	fail	compiled a schema that should be invalid
schema-invalid	NMTOKEN_length006_416::msMeta/../msData/datatypes/Facets/Schemas/NMTOKEN_length006.xsd	fail	compiled a schema that should be invalid
schema-invalid	NMTOKEN_length007_417::msMeta/../msData/datatypes/Facets/Schemas/NMTOKEN_length007.xsd	fail	compiled a schema that should be invalid
schema-invalid	NOTATION_enumeration001_320::msMeta/../msData/datatypes/Facets/Schemas/NOTATION_enumeration001.xsd	fail	compiled a schema that should be invalid
schema-invalid	NOTATION_length006_305::msMeta/../msData/datatypes/Facets/Schemas/NOTATION_length006.xsd	fail	compiled a schema that should be invalid
schema-invalid	NOTATION_length007_306::msMeta/../msData/datatypes/Facets/Schemas/NOTATION_length007.xsd	fail	compiled a schema that should be invalid
schema-invalid	RegexTest_1067::msMeta/../msData/regex/RegexTest_1067.xsd	fail	compiled a schema that should be invalid
schema-invalid	RegexTest_1236::msMeta/../msData/regex/RegexTest_1236.xsd	fail	compiled a schema that should be invalid
schema-invalid	RegexTest_583::msMeta/../msData/regex/RegexTest_583.xsd	fail	compiled a schema that should be invalid
schema-invalid	RegexTest_752::msMeta/../msData/regex/RegexTest_752.xsd	fail	compiled a schema that should be invalid
schema-invalid	addB008::msMeta/../msData/additional/test65472.xsd	fail	compiled a schema that should be invalid
schema-invalid	addB009::msMeta/../msData/additional/test66059.xsd	fail	compiled a schema that should be invalid
schema-invalid	addB014::msMeta/../msData/additional/test65699.xsd	fail	compiled a schema that should be invalid
schema-invalid	addB030::msMeta/../msData/additional/test69855.xsd	fail	compiled a schema that should be invalid
schema-invalid	addB033::msMeta/../msData/additional/test71774.xsd	fail	compiled a schema that should be invalid
schema-invalid	addB036::msMeta/../msData/additional/test71847.xsd	fail	compiled a schema that should be invalid
schema-invalid	addB041::msMeta/../msData/additional/test72405.xsd	fail	compiled a schema that should be invalid
schema-invalid	addB044::msMeta/../msData/additional/test72793.xsd	fail	compiled a schema that should be invalid
schema-invalid	addB053::msMeta/../msData/additional/test73457.xsd	fail	compiled a schema that should be invalid
schema-invalid	addB070a::msMeta/../msData/additional/test64756.xsd	fail	compiled a schema that should be invalid
schema-invalid	addB078::msMeta/../msData/additional/addB078.xsd	fail	compiled a schema that should be invalid
schema-invalid	addB078A::msMeta/../msData/additional/addB078.xsd	fail	compiled a schema that should be invalid
schema-invalid	addB078B::msMeta/../msData/additional/addB078.xsd	fail	compiled a schema that should be invalid
schema-invalid	addB082::msMeta/../msData/additional/addB082.xsd	fail	compiled a schema that should be invalid
schema-invalid	addB089::msMeta/../msData/additional/addB089.xsd	fail	compiled a schema that should be invalid
schema-invalid	addB108::msMeta/../msData/additional/addB108.xsd	fail	compiled a schema that should be invalid
schema-invalid	addB110::msMeta/../msData/additional/test65911_1.xsd	fail	compiled a schema that should be invalid
schema-invalid	addB111::msMeta/../msData/additional/test65911_2.xsd	fail	compiled a schema that should be invalid
schema-invalid	addB112::msMeta/../msData/additional/test65911_3.xsd	fail	compiled a schema that should be invalid
schema-invalid	addB121::msMeta/../msData/additional/addB121.xsd	fail	compiled a schema that should be invalid
schema-invalid	addB141::msMeta/../msData/additional/test82919.xsd	fail	compiled a schema that should be invalid
schema-invalid	addB153::msMeta/../msData/additional/test86490_a.xsd	fail	compiled a schema that should be invalid
schema-invalid	addB177::msMeta/../msData/additional/test102850_2.xsd	fail	compiled a schema that should be invalid
schema-invalid	addB180::msMeta/../msData/additional/test111869.xsd	fail	compiled a schema that should be invalid
schema-invalid	addB32::msMeta/../msData/additional/test67764.xsd	fail	compiled a schema that should be invalid
schema-invalid	annotB001::msMeta/../msData/annotations/annotB001.xsd	fail	compiled a schema that should be invalid
schema-invalid	annotB005::msMeta/../msData/annotations/annotB005.xsd	fail	compiled a schema that should be invalid
schema-invalid	annotF001::msMeta/../msData/annotations/annotF001.xsd	fail	compiled a schema that should be invalid
schema-invalid	annotF003::msMeta/../msData/annotations/annotF003.xsd	fail	compiled a schema that should be invalid
schema-invalid	annotF009::msMeta/../msData/annotations/annotF009.xsd	fail	compiled a schema that should be invalid
schema-invalid	anyURI_a001_1336::msMeta/../msData/datatypes/Facets/anyURI/anyURI_a001.xsd	fail	compiled a schema that should be invalid
schema-invalid	anyURI_a003_1338::msMeta/../msData/datatypes/Facets/anyURI/anyURI_a003.xsd	fail	compiled a schema that should be invalid
schema-invalid	anyURI_b004_1354::msMeta/../msData/datatypes/Facets/anyURI/anyURI_b004.xsd	fail	compiled a schema that should be invalid
schema-invalid	anyURI_b006_1356::msMeta/../msData/datatypes/Facets/anyURI/anyURI_b006.xsd	fail	compiled a schema that should be invalid
schema-invalid	attA001::msMeta/../msData/attribute/attA001.xsd	fail	compiled a schema that should be invalid
schema-invalid	attA002::msMeta/../msData/attribute/attA002.xsd	fail	compiled a schema that should be invalid
schema-invalid	attH001::msMeta/../msData/attribute/attH001.xsd	fail	compiled a schema that should be invalid
schema-invalid	attKa003::msMeta/../msData/attribute/attKa003.xsd	fail	compiled a schema that should be invalid
schema-invalid	attKa007::msMeta/../msData/attribute/attKa007.xsd	fail	compiled a schema that should be invalid
schema-invalid	attKa008::msMeta/../msData/attribute/attKa008.xsd	fail	compiled a schema that should be invalid
schema-invalid	attKa009::msMeta/../msData/attribute/attKa009.xsd	fail	compiled a schema that should be invalid
schema-invalid	attKa015::msMeta/../msData/attribute/attKa015.xsd	fail	compiled a schema that should be invalid
schema-invalid	attKb015::msMeta/../msData/attribute/attKb015.xsd	fail	compiled a schema that should be invalid
schema-invalid	attKb018a::msMeta/../msData/attribute/attKb018a.xsd	fail	compiled a schema that should be invalid
schema-invalid	attKc015::msMeta/../msData/attribute/attKc015.xsd	fail	compiled a schema that should be invalid
schema-invalid	attO002::msMeta/../msData/attribute/attO002.xsd	fail	compiled a schema that should be invalid
schema-invalid	attO003::msMeta/../msData/attribute/attO003.xsd	fail	compiled a schema that should be invalid
schema-invalid	attO005::msMeta/../msData/attribute/attO005.xsd	fail	compiled a schema that should be invalid
schema-invalid	attO013::msMeta/../msData/attribute/attO013.xsd	fail	compiled a schema that should be invalid
schema-invalid	attO014::msMeta/../msData/attribute/attO014.xsd	fail	compiled a schema that should be invalid
schema-invalid	attO015::msMeta/../msData/attribute/attO015.xsd	fail	compiled a schema that should be invalid
schema-invalid	attO016::msMeta/../msData/attribute/attO016.xsd	fail	compiled a schema that should be invalid
schema-invalid	attO017::msMeta/../msData/attribute/attO017.xsd	fail	compiled a schema that should be invalid
schema-invalid	attO019::msMeta/../msData/attribute/attO019.xsd	fail	compiled a schema that should be invalid
schema-invalid	attO020::msMeta/../msData/attribute/attO020.xsd	fail	compiled a schema that should be invalid
schema-invalid	attO021::msMeta/../msData/attribute/attO021.xsd	fail	compiled a schema that should be invalid
schema-invalid	attO022::msMeta/../msData/attribute/attO022.xsd	fail	compiled a schema that should be invalid
schema-invalid	attO023::msMeta/../msData/attribute/attO023.xsd	fail	compiled a schema that should be invalid
schema-invalid	attO024::msMeta/../msData/attribute/attO024.xsd	fail	compiled a schema that should be invalid
schema-invalid	attO025::msMeta/../msData/attribute/attO025.xsd	fail	compiled a schema that should be invalid
schema-invalid	attP003::msMeta/../msData/attribute/attP003.xsd	fail	compiled a schema that should be invalid
schema-invalid	attP006::msMeta/../msData/attribute/attP006.xsd	fail	compiled a schema that should be invalid
schema-invalid	attQ008::msMeta/../msData/attribute/attQ008.xsd	fail	compiled a schema that should be invalid
schema-invalid	attQ009::msMeta/../msData/attribute/attQ009.xsd	fail	compiled a schema that should be invalid
schema-invalid	attQ011::msMeta/../msData/attribute/attQ011.xsd	fail	compiled a schema that should be invalid
schema-invalid	attQ012::msMeta/../msData/attribute/attQ012.xsd	fail	compiled a schema that should be invalid
schema-invalid	attQ013::msMeta/../msData/attribute/attQ013.xsd	fail	compiled a schema that should be invalid
schema-invalid	attQ016::msMeta/../msData/attribute/attQ016.xsd	fail	compiled a schema that should be invalid
schema-invalid	attQ017::msMeta/../msData/attribute/attQ017.xsd	fail	compiled a schema that should be invalid
schema-invalid	attQ018::msMeta/../msData/attribute/attQ018.xsd	fail	compiled a schema that should be invalid
schema-invalid	attZ004::msMeta/../msData/attribute/attZ004.xsd	fail	compiled a schema that should be invalid
schema-invalid	attZ006::msMeta/../msData/attribute/attZ006.xsd	fail	compiled a schema that should be invalid
schema-invalid	attZ008_e::msMeta/../msData/attribute/attZ008_e.xsd	fail	compiled a schema that should be invalid
schema-invalid	attZ008_f::msMeta/../msData/attribute/attZ008_f.xsd	fail	compiled a schema that should be invalid
schema-invalid	attZ008_h::msMeta/../msData/attribute/attZ008_h.xsd	fail	compiled a schema that should be invalid
schema-invalid	attZ011::msMeta/../msData/attribute/attZ011.xsd	fail	compiled a schema that should be invalid
schema-invalid	attZ012::msMeta/../msData/attribute/attZ012.xsd	fail	compiled a schema that should be invalid
schema-invalid	attgB011::msMeta/../msData/attributeGroup/attgB011.xsd	fail	compiled a schema that should be invalid
schema-invalid	attgB013::msMeta/../msData/attributeGroup/attgB013.xsd	fail	compiled a schema that should be invalid
schema-invalid	attgB015::msMeta/../msData/attributeGroup/attgB015.xsd	fail	compiled a schema that should be invalid
schema-invalid	attgC028::msMeta/../msData/attributeGroup/attgC028.xsd	fail	compiled a schema that should be invalid
schema-invalid	attgC039::msMeta/../msData/attributeGroup/attgC039.xsd	fail	compiled a schema that should be invalid
schema-invalid	attgC042::msMeta/../msData/attributeGroup/attgC042.xsd	fail	compiled a schema that should be invalid
schema-invalid	attgD006::msMeta/../msData/attributeGroup/attgD006.xsd	fail	compiled a schema that should be invalid
schema-invalid	attgD007::msMeta/../msData/attributeGroup/attgD007.xsd	fail	compiled a schema that should be invalid
schema-invalid	attgD017::msMeta/../msData/attributeGroup/attgD017.xsd	fail	compiled a schema that should be invalid
schema-invalid	attgZ002::msMeta/../msData/attributeGroup/attgZ002.xsd	fail	compiled a schema that should be invalid
schema-invalid	attgZ003::msMeta/../msData/attributeGroup/attgZ003.xsd	fail	compiled a schema that should be invalid
schema-invalid	au_attrdecl00101m1_n::sunMeta/../sunData/AttrUse/AU_attrDecl/AU_attrDecl00101m/AU_attrDecl00101m1_n.xsd	fail	compiled a schema that should be invalid
schema-invalid	byte_fractionDigits004_806::msMeta/../msData/datatypes/Facets/Schemas/byte_fractionDigits004.xsd	fail	compiled a schema that should be invalid
schema-invalid	byte_fractionDigits007_809::msMeta/../msData/datatypes/Facets/Schemas/byte_fractionDigits007.xsd	fail	compiled a schema that should be invalid
schema-invalid	complex017::saxonMeta/../saxonData/Complex/complex017.bad.xsd	fail	compiled a schema that should be invalid
schema-invalid	complex019::saxonMeta/../saxonData/Complex/complex019.bad.xsd	fail	compiled a schema that should be invalid
schema-invalid	complex020::saxonMeta/../saxonData/Complex/complex020.bad.xsd	fail	compiled a schema that should be invalid
schema-invalid	complex025::saxonMeta/../saxonData/Complex/complex025.bad.xsd	fail	compiled a schema that should be invalid
schema-invalid	complex026::saxonMeta/../saxonData/Complex/complex026.bad.xsd	fail	compiled a schema that should be invalid
schema-invalid	ctA042::msMeta/../msData/complexType/ctA042.xsd	fail	compiled a schema that should be invalid
schema-invalid	ctB091::msMeta/../msData/complexType/ctB091.xsd	fail	compiled a schema that should be invalid
schema-invalid	ctB092::msMeta/../msData/complexType/ctB092.xsd	fail	compiled a schema that should be invalid
schema-invalid	ctB093::msMeta/../msData/complexType/ctB093.xsd	fail	compiled a schema that should be invalid
schema-invalid	ctB094::msMeta/../msData/complexType/ctB094.xsd	fail	compiled a schema that should be invalid
schema-invalid	ctB104::msMeta/../msData/complexType/ctB104.xsd	fail	compiled a schema that should be invalid
schema-invalid	ctB105::msMeta/../msData/complexType/ctB105.xsd	fail	compiled a schema that should be invalid
schema-invalid	ctB106::msMeta/../msData/complexType/ctB106.xsd	fail	compiled a schema that should be invalid
schema-invalid	ctB107::msMeta/../msData/complexType/ctB107.xsd	fail	compiled a schema that should be invalid
schema-invalid	ctB117::msMeta/../msData/complexType/ctB117.xsd	fail	compiled a schema that should be invalid
schema-invalid	ctB118::msMeta/../msData/complexType/ctB118.xsd	fail	compiled a schema that should be invalid
schema-invalid	ctB119::msMeta/../msData/complexType/ctB119.xsd	fail	compiled a schema that should be invalid
schema-invalid	ctB120::msMeta/../msData/complexType/ctB120.xsd	fail	compiled a schema that should be invalid
schema-invalid	ctB121::msMeta/../msData/complexType/ctB121.xsd	fail	compiled a schema that should be invalid
schema-invalid	ctB122::msMeta/../msData/complexType/ctB122.xsd	fail	compiled a schema that should be invalid
schema-invalid	ctB123::msMeta/../msData/complexType/ctB123.xsd	fail	compiled a schema that should be invalid
schema-invalid	ctB124::msMeta/../msData/complexType/ctB124.xsd	fail	compiled a schema that should be invalid
schema-invalid	ctC009::msMeta/../msData/complexType/ctC009.xsd	fail	compiled a schema that should be invalid
schema-invalid	ctD001::msMeta/../msData/complexType/ctD001.xsd	fail	compiled a schema that should be invalid
schema-invalid	ctD004::msMeta/../msData/complexType/ctD004.xsd	fail	compiled a schema that should be invalid
schema-invalid	ctD013::msMeta/../msData/complexType/ctD013.xsd	fail	compiled a schema that should be invalid
schema-invalid	ctD036::msMeta/../msData/complexType/ctD036.xsd	fail	compiled a schema that should be invalid
schema-invalid	ctD037::msMeta/../msData/complexType/ctD037.xsd	fail	compiled a schema that should be invalid
schema-invalid	ctD038::msMeta/../msData/complexType/ctD038.xsd	fail	compiled a schema that should be invalid
schema-invalid	ctD039::msMeta/../msData/complexType/ctD039.xsd	fail	compiled a schema that should be invalid
schema-invalid	ctD041::msMeta/../msData/complexType/ctD041.xsd	fail	compiled a schema that should be invalid
schema-invalid	ctD042::msMeta/../msData/complexType/ctD042.xsd	fail	compiled a schema that should be invalid
schema-invalid	ctD043::msMeta/../msData/complexType/ctD043.xsd	fail	compiled a schema that should be invalid
schema-invalid	ctE003::msMeta/../msData/complexType/ctE003.xsd	fail	compiled a schema that should be invalid
schema-invalid	ctE004::msMeta/../msData/complexType/ctE004.xsd	fail	compiled a schema that should be invalid
schema-invalid	ctE005::msMeta/../msData/complexType/ctE005.xsd	fail	compiled a schema that should be invalid
schema-invalid	ctE011::msMeta/../msData/complexType/ctE011.xsd	fail	compiled a schema that should be invalid
schema-invalid	ctE012::msMeta/../msData/complexType/ctE012.xsd	fail	compiled a schema that should be invalid
schema-invalid	ctE013::msMeta/../msData/complexType/ctE013.xsd	fail	compiled a schema that should be invalid
schema-invalid	ctE014::msMeta/../msData/complexType/ctE014.xsd	fail	compiled a schema that should be invalid
schema-invalid	ctE016::msMeta/../msData/complexType/ctE016.xsd	fail	compiled a schema that should be invalid
schema-invalid	ctF006::msMeta/../msData/complexType/ctF006.xsd	fail	compiled a schema that should be invalid
schema-invalid	ctF008::msMeta/../msData/complexType/ctF008.xsd	fail	compiled a schema that should be invalid
schema-invalid	ctF009::msMeta/../msData/complexType/ctF009.xsd	fail	compiled a schema that should be invalid
schema-invalid	ctF012::msMeta/../msData/complexType/ctF012.xsd	fail	compiled a schema that should be invalid
schema-invalid	ctF015::msMeta/../msData/complexType/ctF015.xsd	fail	compiled a schema that should be invalid
schema-invalid	ctG051::msMeta/../msData/complexType/ctG051.xsd	fail	compiled a schema that should be invalid
schema-invalid	ctG052::msMeta/../msData/complexType/ctG052.xsd	fail	compiled a schema that should be invalid
schema-invalid	ctG053::msMeta/../msData/complexType/ctG053.xsd	fail	compiled a schema that should be invalid
schema-invalid	ctG054::msMeta/../msData/complexType/ctG054.xsd	fail	compiled a schema that should be invalid
schema-invalid	ctG062::msMeta/../msData/complexType/ctG062.xsd	fail	compiled a schema that should be invalid
schema-invalid	ctG063::msMeta/../msData/complexType/ctG063.xsd	fail	compiled a schema that should be invalid
schema-invalid	ctG064::msMeta/../msData/complexType/ctG064.xsd	fail	compiled a schema that should be invalid
schema-invalid	ctG065::msMeta/../msData/complexType/ctG065.xsd	fail	compiled a schema that should be invalid
schema-invalid	ctG073::msMeta/../msData/complexType/ctG073.xsd	fail	compiled a schema that should be invalid
schema-invalid	ctG074::msMeta/../msData/complexType/ctG074.xsd	fail	compiled a schema that should be invalid
schema-invalid	ctG075::msMeta/../msData/complexType/ctG075.xsd	fail	compiled a schema that should be invalid
schema-invalid	ctG076::msMeta/../msData/complexType/ctG076.xsd	fail	compiled a schema that should be invalid
schema-invalid	ctG077::msMeta/../msData/complexType/ctG077.xsd	fail	compiled a schema that should be invalid
schema-invalid	ctG078::msMeta/../msData/complexType/ctG078.xsd	fail	compiled a schema that should be invalid
schema-invalid	ctG079::msMeta/../msData/complexType/ctG079.xsd	fail	compiled a schema that should be invalid
schema-invalid	ctG080::msMeta/../msData/complexType/ctG080.xsd	fail	compiled a schema that should be invalid
schema-invalid	ctH051::msMeta/../msData/complexType/ctH051.xsd	fail	compiled a schema that should be invalid
schema-invalid	ctH053::msMeta/../msData/complexType/ctH053.xsd	fail	compiled a schema that should be invalid
schema-invalid	ctH054::msMeta/../msData/complexType/ctH054.xsd	fail	compiled a schema that should be invalid
schema-invalid	ctH062::msMeta/../msData/complexType/ctH062.xsd	fail	compiled a schema that should be invalid
schema-invalid	ctH064::msMeta/../msData/complexType/ctH064.xsd	fail	compiled a schema that should be invalid
schema-invalid	ctH065::msMeta/../msData/complexType/ctH065.xsd	fail	compiled a schema that should be invalid
schema-invalid	ctH073::msMeta/../msData/complexType/ctH073.xsd	fail	compiled a schema that should be invalid
schema-invalid	ctH075::msMeta/../msData/complexType/ctH075.xsd	fail	compiled a schema that should be invalid
schema-invalid	ctH076::msMeta/../msData/complexType/ctH076.xsd	fail	compiled a schema that should be invalid
schema-invalid	ctH077::msMeta/../msData/complexType/ctH077.xsd	fail	compiled a schema that should be invalid
schema-invalid	ctH078::msMeta/../msData/complexType/ctH078.xsd	fail	compiled a schema that should be invalid
schema-invalid	ctH079::msMeta/../msData/complexType/ctH079.xsd	fail	compiled a schema that should be invalid
schema-invalid	ctH080::msMeta/../msData/complexType/ctH080.xsd	fail	compiled a schema that should be invalid
schema-invalid	ctK002::msMeta/../msData/complexType/ctK002.xsd	fail	compiled a schema that should be invalid
schema-invalid	ctM001::msMeta/../msData/complexType/ctM001.xsd	fail	compiled a schema that should be invalid
schema-invalid	ctM004::msMeta/../msData/complexType/ctM004.xsd	fail	compiled a schema that should be invalid
schema-invalid	ctO004::msMeta/../msData/complexType/ctO004.xsd	fail	compiled a schema that should be invalid
schema-invalid	ctO005::msMeta/../msData/complexType/ctO005.xsd	fail	compiled a schema that should be invalid
schema-invalid	ctO007::msMeta/../msData/complexType/ctO007.xsd	fail	compiled a schema that should be invalid
schema-invalid	ctZ010a::msMeta/../msData/complexType/ctZ010a.xsd	fail	compiled a schema that should be invalid
schema-invalid	ctZ010d::msMeta/../msData/complexType/ctZ010d.xsd	fail	compiled a schema that should be invalid
schema-invalid	ctZ010e::msMeta/../msData/complexType/ctZ010e.xsd	fail	compiled a schema that should be invalid
schema-invalid	d2_4_1_3si01::ibmMeta/../ibmData/schema_invalid/D2_4_1_3/d2_4_1_3si01.xsd	fail	compiled a schema that should be invalid
schema-invalid	date_maxInclusive007_134::msMeta/../msData/datatypes/Facets/Schemas/date_maxInclusive007.xsd	fail	compiled a schema that should be invalid
schema-invalid	date_maxInclusive008_135::msMeta/../msData/datatypes/Facets/Schemas/date_maxInclusive008.xsd	fail	compiled a schema that should be invalid
schema-invalid	dtZ107447_a_2245::msMeta/../msData/datatypes/test107447_a.xsd	fail	compiled a schema that should be invalid
schema-invalid	elemD004::msMeta/../msData/element/elemD004.xsd	fail	compiled a schema that should be invalid
schema-invalid	elemD005::msMeta/../msData/element/elemD005.xsd	fail	compiled a schema that should be invalid
schema-invalid	elemG003::msMeta/../msData/element/elemG003.xsd	fail	compiled a schema that should be invalid
schema-invalid	elemG004::msMeta/../msData/element/elemG004.xsd	fail	compiled a schema that should be invalid
schema-invalid	elemJ012::msMeta/../msData/element/elemJ012.xsd	fail	compiled a schema that should be invalid
schema-invalid	elemJ020::msMeta/../msData/element/elemJ020.xsd	fail	compiled a schema that should be invalid
schema-invalid	elemK007::msMeta/../msData/element/elemK007.xsd	fail	compiled a schema that should be invalid
schema-invalid	elemM002::msMeta/../msData/element/elemM002.xsd	fail	compiled a schema that should be invalid
schema-invalid	elemN006::msMeta/../msData/element/elemN006.xsd	fail	compiled a schema that should be invalid
schema-invalid	elemS001::msMeta/../msData/element/elemS001.xsd	fail	compiled a schema that should be invalid
schema-invalid	elemS004::msMeta/../msData/element/elemS004.xsd	fail	compiled a schema that should be invalid
schema-invalid	elemS005::msMeta/../msData/element/elemS005.xsd	fail	compiled a schema that should be invalid
schema-invalid	elemS006::msMeta/../msData/element/elemS006.xsd	fail	compiled a schema that should be invalid
schema-invalid	elemZ006::msMeta/../msData/element/elemZ006.xsd	fail	compiled a schema that should be invalid
schema-invalid	elemZ007::msMeta/../msData/element/elemZ007.xsd	fail	compiled a schema that should be invalid
schema-invalid	elemZ012::msMeta/../msData/element/elemZ012.xsd	fail	compiled a schema that should be invalid
schema-invalid	elemZ026::msMeta/../msData/element/elemZ026.xsd	fail	compiled a schema that should be invalid
schema-invalid	elemZ027_c::msMeta/../msData/element/elemZ027c.xsd	fail	compiled a schema that should be invalid
schema-invalid	elemZ028c::msMeta/../msData/element/elemZ028c.xsd	fail	compiled a schema that should be invalid
schema-invalid	elemZ028d::msMeta/../msData/element/elemZ028d.xsd	fail	compiled a schema that should be invalid
schema-invalid	elemZ028e::msMeta/../msData/element/elemZ028e.xsd	fail	compiled a schema that should be invalid
schema-invalid	elemZ028f1::msMeta/../msData/element/elemZ028f.xsd	fail	compiled a schema that should be invalid
schema-invalid	elemZ028f2::msMeta/../msData/element/elemZ028f.xsd	fail	compiled a schema that should be invalid
schema-invalid	elemZ028f3::msMeta/../msData/element/elemZ028f.xsd	fail	compiled a schema that should be invalid
schema-invalid	elemZ032a::msMeta/../msData/element/elemZ032a.xsd	fail	compiled a schema that should be invalid
schema-invalid	elemZ032b::msMeta/../msData/element/elemZ032b.xsd	fail	compiled a schema that should be invalid
schema-invalid	errC005::msMeta/../msData/errata10/errC005.xsd	fail	compiled a schema that should be invalid
schema-invalid	errC006::msMeta/../msData/errata10/errC006.xsd	fail	compiled a schema that should be invalid
schema-invalid	errC009::msMeta/../msData/errata10/errC009.xsd	fail	compiled a schema that should be invalid
schema-invalid	gMonth_enumeration001_1275::msMeta/../msData/datatypes/Facets/gMonth/gMonth_enumeration001.xsd	fail	compiled a schema that should be invalid
schema-invalid	gMonth_enumeration002_1276::msMeta/../msData/datatypes/Facets/gMonth/gMonth_enumeration002.xsd	fail	compiled a schema that should be invalid
schema-invalid	gMonth_enumeration002_203::msMeta/../msData/datatypes/Facets/Schemas/gMonth_enumeration002.xsd	fail	compiled a schema that should be invalid
schema-invalid	gMonth_enumeration003_1277::msMeta/../msData/datatypes/Facets/gMonth/gMonth_enumeration003.xsd	fail	compiled a schema that should be invalid
schema-invalid	gMonth_enumeration004_1278::msMeta/../msData/datatypes/Facets/gMonth/gMonth_enumeration004.xsd	fail	compiled a schema that should be invalid
schema-invalid	gMonth_maxExclusive001_1282::msMeta/../msData/datatypes/Facets/gMonth/gMonth_maxExclusive001.xsd	fail	compiled a schema that should be invalid
schema-invalid	gMonth_maxExclusive002_1283::msMeta/../msData/datatypes/Facets/gMonth/gMonth_maxExclusive002.xsd	fail	compiled a schema that should be invalid
schema-invalid	gMonth_maxExclusive002_208::msMeta/../msData/datatypes/Facets/Schemas/gMonth_maxExclusive002.xsd	fail	compiled a schema that should be invalid
schema-invalid	gMonth_maxExclusive003_1284::msMeta/../msData/datatypes/Facets/gMonth/gMonth_maxExclusive003.xsd	fail	compiled a schema that should be invalid
schema-invalid	gMonth_maxInclusive001_1279::msMeta/../msData/datatypes/Facets/gMonth/gMonth_maxInclusive001.xsd	fail	compiled a schema that should be invalid
schema-invalid	gMonth_maxInclusive002_1280::msMeta/../msData/datatypes/Facets/gMonth/gMonth_maxInclusive002.xsd	fail	compiled a schema that should be invalid
schema-invalid	gMonth_maxInclusive002_205::msMeta/../msData/datatypes/Facets/Schemas/gMonth_maxInclusive002.xsd	fail	compiled a schema that should be invalid
schema-invalid	gMonth_maxInclusive003_1281::msMeta/../msData/datatypes/Facets/gMonth/gMonth_maxInclusive003.xsd	fail	compiled a schema that should be invalid
schema-invalid	gMonth_minExclusive001_1290::msMeta/../msData/datatypes/Facets/gMonth/gMonth_minExclusive001.xsd	fail	compiled a schema that should be invalid
schema-invalid	gMonth_minExclusive002_1291::msMeta/../msData/datatypes/Facets/gMonth/gMonth_minExclusive002.xsd	fail	compiled a schema that should be invalid
schema-invalid	gMonth_minExclusive002_213::msMeta/../msData/datatypes/Facets/Schemas/gMonth_minExclusive002.xsd	fail	compiled a schema that should be invalid
schema-invalid	gMonth_minExclusive003_1292::msMeta/../msData/datatypes/Facets/gMonth/gMonth_minExclusive003.xsd	fail	compiled a schema that should be invalid
schema-invalid	gMonth_minExclusive004_1293::msMeta/../msData/datatypes/Facets/gMonth/gMonth_minExclusive004.xsd	fail	compiled a schema that should be invalid
schema-invalid	gMonth_minExclusive005_1294::msMeta/../msData/datatypes/Facets/gMonth/gMonth_minExclusive005.xsd	fail	compiled a schema that should be invalid
schema-invalid	gMonth_minInclusive001_1285::msMeta/../msData/datatypes/Facets/gMonth/gMonth_minInclusive001.xsd	fail	compiled a schema that should be invalid
schema-invalid	gMonth_minInclusive002_1286::msMeta/../msData/datatypes/Facets/gMonth/gMonth_minInclusive002.xsd	fail	compiled a schema that should be invalid
schema-invalid	gMonth_minInclusive002_210::msMeta/../msData/datatypes/Facets/Schemas/gMonth_minInclusive002.xsd	fail	compiled a schema that should be invalid
schema-invalid	gMonth_minInclusive003_1287::msMeta/../msData/datatypes/Facets/gMonth/gMonth_minInclusive003.xsd	fail	compiled a schema that should be invalid
schema-invalid	gMonth_minInclusive004_1288::msMeta/../msData/datatypes/Facets/gMonth/gMonth_minInclusive004.xsd	fail	compiled a schema that should be invalid
schema-invalid	gMonth_minInclusive005_1289::msMeta/../msData/datatypes/Facets/gMonth/gMonth_minInclusive005.xsd	fail	compiled a schema that should be invalid
schema-invalid	groupA008::msMeta/../msData/group/groupA008.xsd	fail	compiled a schema that should be invalid
schema-invalid	groupC003::msMeta/../msData/group/groupC003.xsd	fail	compiled a schema that should be invalid
schema-invalid	groupD001::msMeta/../msData/group/groupD001.xsd	fail	compiled a schema that should be invalid
schema-invalid	groupD002::msMeta/../msData/group/groupD002.xsd	fail	compiled a schema that should be invalid
schema-invalid	groupD003::msMeta/../msData/group/groupD003.xsd	fail	compiled a schema that should be invalid
schema-invalid	groupD004::msMeta/../msData/group/groupD004.xsd	fail	compiled a schema that should be invalid
schema-invalid	groupF020::msMeta/../msData/group/groupF020.xsd	fail	compiled a schema that should be invalid
schema-invalid	groupH007v::msMeta/../msData/group/groupH007.xsd	fail	compiled a schema that should be invalid
schema-invalid	groupH020::msMeta/../msData/group/groupH020.xsd	fail	compiled a schema that should be invalid
schema-invalid	groupH021v::msMeta/../msData/group/groupH021.xsd	fail	compiled a schema that should be invalid
schema-invalid	groupJ020::msMeta/../msData/group/groupJ020.xsd	fail	compiled a schema that should be invalid
schema-invalid	groupL020::msMeta/../msData/group/groupL020.xsd	fail	compiled a schema that should be invalid
schema-invalid	groupN020::msMeta/../msData/group/groupN020.xsd	fail	compiled a schema that should be invalid
schema-invalid	idB005::msMeta/../msData/identityConstraint/idB005.xsd	fail	compiled a schema that should be invalid
schema-invalid	idC019::msMeta/../msData/identityConstraint/idC019.xsd	fail	compiled a schema that should be invalid
schema-invalid	idD006::msMeta/../msData/identityConstraint/idD006.xsd	fail	compiled a schema that should be invalid
schema-invalid	idE006::msMeta/../msData/identityConstraint/idE006.xsd	fail	compiled a schema that should be invalid
schema-invalid	idE007::msMeta/../msData/identityConstraint/idE007.xsd	fail	compiled a schema that should be invalid
schema-invalid	idZ003::msMeta/../msData/identityConstraint/idZ003.xml	fail	compiled a schema that should be invalid
schema-invalid	idZ011::msMeta/../msData/identityConstraint/idZ011.xsd	fail	compiled a schema that should be invalid
schema-invalid	int_fractionDigits004_734::msMeta/../msData/datatypes/Facets/Schemas/int_fractionDigits004.xsd	fail	compiled a schema that should be invalid
schema-invalid	int_fractionDigits007_737::msMeta/../msData/datatypes/Facets/Schemas/int_fractionDigits007.xsd	fail	compiled a schema that should be invalid
schema-invalid	int_maxExclusive004b_692::msMeta/../msData/datatypes/Facets/int/int_maxExclusive004b.xsd	fail	compiled a schema that should be invalid
schema-invalid	int_maxExclusive004c_693::msMeta/../msData/datatypes/Facets/int/int_maxExclusive004c.xsd	fail	compiled a schema that should be invalid
schema-invalid	int_maxExclusive004f_696::msMeta/../msData/datatypes/Facets/int/int_maxExclusive004f.xsd	fail	compiled a schema that should be invalid
schema-invalid	int_maxExclusive004i_698::msMeta/../msData/datatypes/Facets/int/int_maxExclusive004i.xsd	fail	compiled a schema that should be invalid
schema-invalid	int_maxInclusive004b_680::msMeta/../msData/datatypes/Facets/int/int_maxInclusive004b.xsd	fail	compiled a schema that should be invalid
schema-invalid	int_maxInclusive004c_681::msMeta/../msData/datatypes/Facets/int/int_maxInclusive004c.xsd	fail	compiled a schema that should be invalid
schema-invalid	int_maxInclusive004d_682::msMeta/../msData/datatypes/Facets/int/int_maxInclusive004d.xsd	fail	compiled a schema that should be invalid
schema-invalid	int_maxInclusive004f_684::msMeta/../msData/datatypes/Facets/int/int_maxInclusive004f.xsd	fail	compiled a schema that should be invalid
schema-invalid	int_minExclusive006a_717::msMeta/../msData/datatypes/Facets/int/int_minExclusive006a.xsd	fail	compiled a schema that should be invalid
schema-invalid	int_minExclusive006h_722::msMeta/../msData/datatypes/Facets/int/int_minExclusive006h.xsd	fail	compiled a schema that should be invalid
schema-invalid	int_minExclusive006i_723::msMeta/../msData/datatypes/Facets/int/int_minExclusive006i.xsd	fail	compiled a schema that should be invalid
schema-invalid	int_minInclusive006b_705::msMeta/../msData/datatypes/Facets/int/int_minInclusive006b.xsd	fail	compiled a schema that should be invalid
schema-invalid	int_minInclusive006d_707::msMeta/../msData/datatypes/Facets/int/int_minInclusive006d.xsd	fail	compiled a schema that should be invalid
schema-invalid	int_minInclusive006f_708::msMeta/../msData/datatypes/Facets/int/int_minInclusive006f.xsd	fail	compiled a schema that should be invalid
schema-invalid	int_minInclusive006h_710::msMeta/../msData/datatypes/Facets/int/int_minInclusive006h.xsd	fail	compiled a schema that should be invalid
schema-invalid	int_minInclusive006i_711::msMeta/../msData/datatypes/Facets/int/int_minInclusive006i.xsd	fail	compiled a schema that should be invalid
schema-invalid	integer_fractionDigits004_567::msMeta/../msData/datatypes/Facets/Schemas/integer_fractionDigits004.xsd	fail	compiled a schema that should be invalid
schema-invalid	integer_fractionDigits007_570::msMeta/../msData/datatypes/Facets/Schemas/integer_fractionDigits007.xsd	fail	compiled a schema that should be invalid
schema-invalid	list_minInclusive_1850::msMeta/../msData/datatypes/Facets/list/list_minInclusive.xsd	fail	compiled a schema that should be invalid
schema-invalid	long_fractionDigits004_667::msMeta/../msData/datatypes/Facets/Schemas/long_fractionDigits004.xsd	fail	compiled a schema that should be invalid
schema-invalid	long_fractionDigits007_670::msMeta/../msData/datatypes/Facets/Schemas/long_fractionDigits007.xsd	fail	compiled a schema that should be invalid
schema-invalid	mgA013::msMeta/../msData/modelGroups/mgA013.xsd	fail	compiled a schema that should be invalid
schema-invalid	mgA020::msMeta/../msData/modelGroups/mgA020.xsd	fail	compiled a schema that should be invalid
schema-invalid	mgEa004::msMeta/../msData/modelGroups/mgEa004.xsd	fail	compiled a schema that should be invalid
schema-invalid	mgG025::msMeta/../msData/modelGroups/mgG025.xsd	fail	compiled a schema that should be invalid
schema-invalid	mgHa004::msMeta/../msData/modelGroups/mgHa004.xsd	fail	compiled a schema that should be invalid
schema-invalid	mgJ025::msMeta/../msData/modelGroups/mgJ025.xsd	fail	compiled a schema that should be invalid
schema-invalid	mgO013::msMeta/../msData/modelGroups/mgO013.xsd	fail	compiled a schema that should be invalid
schema-invalid	mgO027::msMeta/../msData/modelGroups/mgO027.xsd	fail	compiled a schema that should be invalid
schema-invalid	mgP059::msMeta/../msData/modelGroups/mgP059.xsd	fail	compiled a schema that should be invalid
schema-invalid	mgP061::msMeta/../msData/modelGroups/mgP061.xsd	fail	compiled a schema that should be invalid
schema-invalid	mgP062::msMeta/../msData/modelGroups/mgP062.xsd	fail	compiled a schema that should be invalid
schema-invalid	mgQ001::msMeta/../msData/modelGroups/mgQ001.xsd	fail	compiled a schema that should be invalid
schema-invalid	name00101m2::sunMeta/../sunData/Notation/name/name00101m/name00101m2.xsd	fail	compiled a schema that should be invalid
schema-invalid	negativeInteger_fractionDigits004_631::msMeta/../msData/datatypes/Facets/Schemas/negativeInteger_fractionDigits004.xsd	fail	compiled a schema that should be invalid
schema-invalid	negativeInteger_fractionDigits007_634::msMeta/../msData/datatypes/Facets/Schemas/negativeInteger_fractionDigits007.xsd	fail	compiled a schema that should be invalid
schema-invalid	nonNegativeInteger_fractionDigits004_838::msMeta/../msData/datatypes/Facets/Schemas/nonNegativeInteger_fractionDigits004.xsd	fail	compiled a schema that should be invalid
schema-invalid	nonNegativeInteger_fractionDigits007_841::msMeta/../msData/datatypes/Facets/Schemas/nonNegativeInteger_fractionDigits007.xsd	fail	compiled a schema that should be invalid
schema-invalid	nonPositiveInteger_fractionDigits004_599::msMeta/../msData/datatypes/Facets/Schemas/nonPositiveInteger_fractionDigits004.xsd	fail	compiled a schema that should be invalid
schema-invalid	nonPositiveInteger_fractionDigits007_602::msMeta/../msData/datatypes/Facets/Schemas/nonPositiveInteger_fractionDigits007.xsd	fail	compiled a schema that should be invalid
schema-invalid	normalizedString_whitespace001_344::msMeta/../msData/datatypes/Facets/Schemas/normalizedString_whitespace001.xsd	fail	compiled a schema that should be invalid
schema-invalid	notatE002::msMeta/../msData/notations/notatE002.xsd	fail	compiled a schema that should be invalid
schema-invalid	notatE003::msMeta/../msData/notations/notatE003.xsd	fail	compiled a schema that should be invalid
schema-invalid	notatF003::msMeta/../msData/notations/notatF003.xsd	fail	compiled a schema that should be invalid
schema-invalid	notatF055::msMeta/../msData/notations/notatF055.xsd	fail	compiled a schema that should be invalid
schema-invalid	notatG001::msMeta/../msData/notations/notatG001.xsd	fail	compiled a schema that should be invalid
schema-invalid	notatG002::msMeta/../msData/notations/notatG002.xsd	fail	compiled a schema that should be invalid
schema-invalid	notatG003::msMeta/../msData/notations/notatG003.xsd	fail	compiled a schema that should be invalid
schema-invalid	particlesDa006::msMeta/../msData/particles/particlesDa006.xsd	fail	compiled a schema that should be invalid
schema-invalid	particlesDa011::msMeta/../msData/particles/particlesDa011.xsd	fail	compiled a schema that should be invalid
schema-invalid	particlesEa025::msMeta/../msData/particles/particlesEa025.xsd	fail	compiled a schema that should be invalid
schema-invalid	particlesEb040::msMeta/../msData/particles/particlesEb040.xsd	fail	compiled a schema that should be invalid
schema-invalid	particlesFb003::msMeta/../msData/particles/particlesFb003.xsd	fail	compiled a schema that should be invalid
schema-invalid	particlesHa008::msMeta/../msData/particles/particlesHa008.xsd	fail	compiled a schema that should be invalid
schema-invalid	particlesHa021::msMeta/../msData/particles/particlesHa021.xsd	fail	compiled a schema that should be invalid
schema-invalid	particlesHa071::msMeta/../msData/particles/particlesHa071.xsd	fail	compiled a schema that should be invalid
schema-invalid	particlesHa081::msMeta/../msData/particles/particlesHa081.xsd	fail	compiled a schema that should be invalid
schema-invalid	particlesHa083::msMeta/../msData/particles/particlesHa083.xsd	fail	compiled a schema that should be invalid
schema-invalid	particlesHa101::msMeta/../msData/particles/particlesHa101.xsd	fail	compiled a schema that should be invalid
schema-invalid	particlesHa102::msMeta/../msData/particles/particlesHa102.xsd	fail	compiled a schema that should be invalid
schema-invalid	particlesHa144::msMeta/../msData/particles/particlesHa144.xsd	fail	compiled a schema that should be invalid
schema-invalid	particlesHa145::msMeta/../msData/particles/particlesHa145.xsd	fail	compiled a schema that should be invalid
schema-invalid	particlesHa161::msMeta/../msData/particles/particlesHa161.xsd	fail	compiled a schema that should be invalid
schema-invalid	particlesHa169::msMeta/../msData/particles/particlesHa169.xsd	fail	compiled a schema that should be invalid
schema-invalid	particlesHa181::msMeta/../msData/particles/particlesHa181.xsd	fail	compiled a schema that should be invalid
schema-invalid	particlesHa182::msMeta/../msData/particles/particlesHa182.xsd	fail	compiled a schema that should be invalid
schema-invalid	particlesHa189::msMeta/../msData/particles/particlesHa189.xsd	fail	compiled a schema that should be invalid
schema-invalid	particlesHb001::msMeta/../msData/particles/particlesHb001.xsd	fail	compiled a schema that should be invalid
schema-invalid	particlesHb002::msMeta/../msData/particles/particlesHb002.xsd	fail	compiled a schema that should be invalid
schema-invalid	particlesHb003::msMeta/../msData/particles/particlesHb003.xsd	fail	compiled a schema that should be invalid
schema-invalid	particlesHb004::msMeta/../msData/particles/particlesHb004.xsd	fail	compiled a schema that should be invalid
schema-invalid	particlesHb006::msMeta/../msData/particles/particlesHb006.xsd	fail	compiled a schema that should be invalid
schema-invalid	particlesHb007::msMeta/../msData/particles/particlesHb007.xsd	fail	compiled a schema that should be invalid
schema-invalid	particlesHb008::msMeta/../msData/particles/particlesHb008.xsd	fail	compiled a schema that should be invalid
schema-invalid	particlesHb009::msMeta/../msData/particles/particlesHb009.xsd	fail	compiled a schema that should be invalid
schema-invalid	particlesHb011::msMeta/../msData/particles/particlesHb011.xsd	fail	compiled a schema that should be invalid
schema-invalid	particlesIa006::msMeta/../msData/particles/particlesIa006.xsd	fail	compiled a schema that should be invalid
schema-invalid	particlesIa008::msMeta/../msData/particles/particlesIa008.xsd	fail	compiled a schema that should be invalid
schema-invalid	particlesIb004::msMeta/../msData/particles/particlesIb004.xsd	fail	compiled a schema that should be invalid
schema-invalid	particlesIb006::msMeta/../msData/particles/particlesIb006.xsd	fail	compiled a schema that should be invalid
schema-invalid	particlesIb007::msMeta/../msData/particles/particlesIb007.xsd	fail	compiled a schema that should be invalid
schema-invalid	particlesIc002::msMeta/../msData/particles/particlesIc002.xsd	fail	compiled a schema that should be invalid
schema-invalid	particlesIc004::msMeta/../msData/particles/particlesIc004.xsd	fail	compiled a schema that should be invalid
schema-invalid	particlesIf007::msMeta/../msData/particles/particlesIf007.xsd	fail	compiled a schema that should be invalid
schema-invalid	particlesIf008::msMeta/../msData/particles/particlesIf008.xsd	fail	compiled a schema that should be invalid
schema-invalid	particlesIf009::msMeta/../msData/particles/particlesIf009.xsd	fail	compiled a schema that should be invalid
schema-invalid	particlesIg006::msMeta/../msData/particles/particlesIg006.xsd	fail	compiled a schema that should be invalid
schema-invalid	particlesIg007::msMeta/../msData/particles/particlesIg007.xsd	fail	compiled a schema that should be invalid
schema-invalid	particlesIg008::msMeta/../msData/particles/particlesIg008.xsd	fail	compiled a schema that should be invalid
schema-invalid	particlesIg009::msMeta/../msData/particles/particlesIg009.xsd	fail	compiled a schema that should be invalid
schema-invalid	particlesIg010::msMeta/../msData/particles/particlesIg010.xsd	fail	compiled a schema that should be invalid
schema-invalid	particlesIg013::msMeta/../msData/particles/particlesIg013.xsd	fail	compiled a schema that should be invalid
schema-invalid	particlesIg016::msMeta/../msData/particles/particlesIg016.xsd	fail	compiled a schema that should be invalid
schema-invalid	particlesIh001::msMeta/../msData/particles/particlesIh001.xsd	fail	compiled a schema that should be invalid
schema-invalid	particlesIj003::msMeta/../msData/particles/particlesIj003.xsd	fail	compiled a schema that should be invalid
schema-invalid	particlesIj004::msMeta/../msData/particles/particlesIj004.xsd	fail	compiled a schema that should be invalid
schema-invalid	particlesIj007::msMeta/../msData/particles/particlesIj007.xsd	fail	compiled a schema that should be invalid
schema-invalid	particlesIj008::msMeta/../msData/particles/particlesIj008.xsd	fail	compiled a schema that should be invalid
schema-invalid	particlesIj009::msMeta/../msData/particles/particlesIj009.xsd	fail	compiled a schema that should be invalid
schema-invalid	particlesIj010::msMeta/../msData/particles/particlesIj010.xsd	fail	compiled a schema that should be invalid
schema-invalid	particlesIj011::msMeta/../msData/particles/particlesIj011.xsd	fail	compiled a schema that should be invalid
schema-invalid	particlesIj013::msMeta/../msData/particles/particlesIj013.xsd	fail	compiled a schema that should be invalid
schema-invalid	particlesIk005::msMeta/../msData/particles/particlesIk005.xsd	fail	compiled a schema that should be invalid
schema-invalid	particlesIk006::msMeta/../msData/particles/particlesIk006.xsd	fail	compiled a schema that should be invalid
schema-invalid	particlesIk007::msMeta/../msData/particles/particlesIk007.xsd	fail	compiled a schema that should be invalid
schema-invalid	particlesIk008::msMeta/../msData/particles/particlesIk008.xsd	fail	compiled a schema that should be invalid
schema-invalid	particlesIk009::msMeta/../msData/particles/particlesIk009.xsd	fail	compiled a schema that should be invalid
schema-invalid	particlesIk010::msMeta/../msData/particles/particlesIk010.xsd	fail	compiled a schema that should be invalid
schema-invalid	particlesIk011::msMeta/../msData/particles/particlesIk011.xsd	fail	compiled a schema that should be invalid
schema-invalid	particlesIk013::msMeta/../msData/particles/particlesIk013.xsd	fail	compiled a schema that should be invalid
schema-invalid	particlesIk024::msMeta/../msData/particles/particlesIk024.xsd	fail	compiled a schema that should be invalid
schema-invalid	particlesJe012::msMeta/../msData/particles/particlesJe012.xsd	fail	compiled a schema that should be invalid
schema-invalid	particlesJg001::msMeta/../msData/particles/particlesJg001.xsd	fail	compiled a schema that should be invalid
schema-invalid	particlesJh001::msMeta/../msData/particles/particlesJh001.xsd	fail	compiled a schema that should be invalid
schema-invalid	particlesJj012::msMeta/../msData/particles/particlesJj012.xsd	fail	compiled a schema that should be invalid
schema-invalid	particlesJl002::msMeta/../msData/particles/particlesJl002.xsd	fail	compiled a schema that should be invalid
schema-invalid	particlesJl003::msMeta/../msData/particles/particlesJl003.xsd	fail	compiled a schema that should be invalid
schema-invalid	particlesJr001::msMeta/../msData/particles/particlesJr001.xsd	fail	compiled a schema that should be invalid
schema-invalid	particlesJs002::msMeta/../msData/particles/particlesJs002.xsd	fail	compiled a schema that should be invalid
schema-invalid	particlesJs003::msMeta/../msData/particles/particlesJs003.xsd	fail	compiled a schema that should be invalid
schema-invalid	particlesJs004::msMeta/../msData/particles/particlesJs004.xsd	fail	compiled a schema that should be invalid
schema-invalid	particlesK006::msMeta/../msData/particles/particlesK006.xsd	fail	compiled a schema that should be invalid
schema-invalid	particlesL001::msMeta/../msData/particles/particlesL001.xsd	fail	compiled a schema that should be invalid
schema-invalid	particlesL002::msMeta/../msData/particles/particlesL002.xsd	fail	compiled a schema that should be invalid
schema-invalid	particlesL010::msMeta/../msData/particles/particlesL010.xsd	fail	compiled a schema that should be invalid
schema-invalid	particlesL011::msMeta/../msData/particles/particlesL011.xsd	fail	compiled a schema that should be invalid
schema-invalid	particlesL014::msMeta/../msData/particles/particlesL014.xsd	fail	compiled a schema that should be invalid
schema-invalid	particlesL015::msMeta/../msData/particles/particlesL015.xsd	fail	compiled a schema that should be invalid
schema-invalid	particlesL016::msMeta/../msData/particles/particlesL016.xsd	fail	compiled a schema that should be invalid
schema-invalid	particlesL019::msMeta/../msData/particles/particlesL019.xsd	fail	compiled a schema that should be invalid
schema-invalid	particlesL020::msMeta/../msData/particles/particlesL020.xsd	fail	compiled a schema that should be invalid
schema-invalid	particlesL022::msMeta/../msData/particles/particlesL022.xsd	fail	compiled a schema that should be invalid
schema-invalid	particlesL024::msMeta/../msData/particles/particlesL024.xsd	fail	compiled a schema that should be invalid
schema-invalid	particlesL026::msMeta/../msData/particles/particlesL026.xsd	fail	compiled a schema that should be invalid
schema-invalid	particlesL027::msMeta/../msData/particles/particlesL027.xsd	fail	compiled a schema that should be invalid
schema-invalid	particlesL030::msMeta/../msData/particles/particlesL030.xsd	fail	compiled a schema that should be invalid
schema-invalid	particlesL032::msMeta/../msData/particles/particlesL032.xsd	fail	compiled a schema that should be invalid
schema-invalid	particlesQ006::msMeta/../msData/particles/particlesQ006.xsd	fail	compiled a schema that should be invalid
schema-invalid	particlesQ012::msMeta/../msData/particles/particlesQ012.xsd	fail	compiled a schema that should be invalid
schema-invalid	particlesQ018::msMeta/../msData/particles/particlesQ018.xsd	fail	compiled a schema that should be invalid
schema-invalid	particlesQ019::msMeta/../msData/particles/particlesQ019.xsd	fail	compiled a schema that should be invalid
schema-invalid	particlesQ021::msMeta/../msData/particles/particlesQ021.xsd	fail	compiled a schema that should be invalid
schema-invalid	particlesQ023::msMeta/../msData/particles/particlesQ023.xsd	fail	compiled a schema that should be invalid
schema-invalid	particlesQ025::msMeta/../msData/particles/particlesQ025.xsd	fail	compiled a schema that should be invalid
schema-invalid	particlesQ026::msMeta/../msData/particles/particlesQ026.xsd	fail	compiled a schema that should be invalid
schema-invalid	particlesQ027::msMeta/../msData/particles/particlesQ027.xsd	fail	compiled a schema that should be invalid
schema-invalid	particlesQ028::msMeta/../msData/particles/particlesQ028.xsd	fail	compiled a schema that should be invalid
schema-invalid	particlesQ031::msMeta/../msData/particles/particlesQ031.xsd	fail	compiled a schema that should be invalid
schema-invalid	particlesR010::msMeta/../msData/particles/particlesR010.xsd	fail	compiled a schema that should be invalid
schema-invalid	particlesR014::msMeta/../msData/particles/particlesR014.xsd	fail	compiled a schema that should be invalid
schema-invalid	particlesR018::msMeta/../msData/particles/particlesR018.xsd	fail	compiled a schema that should be invalid
schema-invalid	particlesR019::msMeta/../msData/particles/particlesR019.xsd	fail	compiled a schema that should be invalid
schema-invalid	particlesR021::msMeta/../msData/particles/particlesR021.xsd	fail	compiled a schema that should be invalid
schema-invalid	particlesR023::msMeta/../msData/particles/particlesR023.xsd	fail	compiled a schema that should be invalid
schema-invalid	particlesR025::msMeta/../msData/particles/particlesR025.xsd	fail	compiled a schema that should be invalid
schema-invalid	particlesR026::msMeta/../msData/particles/particlesR026.xsd	fail	compiled a schema that should be invalid
schema-invalid	particlesR027::msMeta/../msData/particles/particlesR027.xsd	fail	compiled a schema that should be invalid
schema-invalid	particlesR028::msMeta/../msData/particles/particlesR028.xsd	fail	compiled a schema that should be invalid
schema-invalid	particlesR031::msMeta/../msData/particles/particlesR031.xsd	fail	compiled a schema that should be invalid
schema-invalid	particlesS002::msMeta/../msData/particles/particlesS002.xsd	fail	compiled a schema that should be invalid
schema-invalid	particlesS009::msMeta/../msData/particles/particlesS009.xsd	fail	compiled a schema that should be invalid
schema-invalid	particlesS010::msMeta/../msData/particles/particlesS010.xsd	fail	compiled a schema that should be invalid
schema-invalid	particlesT010::msMeta/../msData/particles/particlesT010.xsd	fail	compiled a schema that should be invalid
schema-invalid	particlesT011::msMeta/../msData/particles/particlesT011.xsd	fail	compiled a schema that should be invalid
schema-invalid	particlesU006::msMeta/../msData/particles/particlesU006.xsd	fail	compiled a schema that should be invalid
schema-invalid	particlesU008::msMeta/../msData/particles/particlesU008.xsd	fail	compiled a schema that should be invalid
schema-invalid	particlesU009::msMeta/../msData/particles/particlesU009.xsd	fail	compiled a schema that should be invalid
schema-invalid	particlesV002::msMeta/../msData/particles/particlesV002.xsd	fail	compiled a schema that should be invalid
schema-invalid	particlesV005::msMeta/../msData/particles/particlesV005.xsd	fail	compiled a schema that should be invalid
schema-invalid	particlesV016::msMeta/../msData/particles/particlesV016.xsd	fail	compiled a schema that should be invalid
schema-invalid	particlesV017::msMeta/../msData/particles/particlesV017.xsd	fail	compiled a schema that should be invalid
schema-invalid	particlesV018::msMeta/../msData/particles/particlesV018.xsd	fail	compiled a schema that should be invalid
schema-invalid	particlesV020::msMeta/../msData/particles/particlesV020.xsd	fail	compiled a schema that should be invalid
schema-invalid	particlesW014::msMeta/../msData/particles/particlesW014.xsd	fail	compiled a schema that should be invalid
schema-invalid	particlesW015::msMeta/../msData/particles/particlesW015.xsd	fail	compiled a schema that should be invalid
schema-invalid	particlesZ009::msMeta/../msData/particles/particlesZ009.xsd	fail	compiled a schema that should be invalid
schema-invalid	particlesZ011::msMeta/../msData/particles/particlesZ011.xsd	fail	compiled a schema that should be invalid
schema-invalid	particlesZ013::msMeta/../msData/particles/particlesZ013.xsd	fail	compiled a schema that should be invalid
schema-invalid	particlesZ014::msMeta/../msData/particles/particlesZ014.xsd	fail	compiled a schema that should be invalid
schema-invalid	particlesZ017::msMeta/../msData/particles/particlesZ017.xsd	fail	compiled a schema that should be invalid
schema-invalid	particlesZ018::msMeta/../msData/particles/particlesZ018.xsd	fail	compiled a schema that should be invalid
schema-invalid	particlesZ021::msMeta/../msData/particles/particlesZ021.xsd	fail	compiled a schema that should be invalid
schema-invalid	particlesZ022::msMeta/../msData/particles/particlesZ022.xsd	fail	compiled a schema that should be invalid
schema-invalid	particlesZ024::msMeta/../msData/particles/particlesZ024.xsd	fail	compiled a schema that should be invalid
schema-invalid	particlesZ026a::msMeta/../msData/particles/particlesZ026a.xsd	fail	compiled a schema that should be invalid
schema-invalid	particlesZ026a::msMeta/../msData/particles/particlesZ026b.xsd	fail	compiled a schema that should be invalid
schema-invalid	particlesZ028::msMeta/../msData/particles/particlesZ028.xsd	fail	compiled a schema that should be invalid
schema-invalid	particlesZ030_d::msMeta/../msData/particles/particlesZ030_d.xsd	fail	compiled a schema that should be invalid
schema-invalid	particlesZ033_e::msMeta/../msData/particles/particlesZ033_e.xsd	fail	compiled a schema that should be invalid
schema-invalid	particlesZ033_f::msMeta/../msData/particles/particlesZ033_f.xsd	fail	compiled a schema that should be invalid
schema-invalid	particlesZ033_g::msMeta/../msData/particles/particlesZ033_g.xsd	fail	compiled a schema that should be invalid
schema-invalid	particlesZ039::msMeta/../msData/particles/particlesZ039.xsd	fail	compiled a schema that should be invalid
schema-invalid	positiveInteger_fractionDigits004_1014::msMeta/../msData/datatypes/Facets/Schemas/positiveInteger_fractionDigits004.xsd	fail	compiled a schema that should be invalid
schema-invalid	positiveInteger_fractionDigits007_1017::msMeta/../msData/datatypes/Facets/Schemas/positiveInteger_fractionDigits007.xsd	fail	compiled a schema that should be invalid
schema-invalid	positiveInteger_maxExclusive001_1834::msMeta/../msData/datatypes/Facets/positiveInteger/positiveInteger_maxExclusive001.xsd	fail	compiled a schema that should be invalid
schema-invalid	positiveInteger_maxExclusive002_1835::msMeta/../msData/datatypes/Facets/positiveInteger/positiveInteger_maxExclusive002.xsd	fail	compiled a schema that should be invalid
schema-invalid	reF20::msMeta/../msData/regex/reF20.xsd	fail	compiled a schema that should be invalid
schema-invalid	reF21::msMeta/../msData/regex/reF21.xsd	fail	compiled a schema that should be invalid
schema-invalid	reF22::msMeta/../msData/regex/reF22.xsd	fail	compiled a schema that should be invalid
schema-invalid	reF23::msMeta/../msData/regex/reF23.xsd	fail	compiled a schema that should be invalid
schema-invalid	reF57::msMeta/../msData/regex/reF57.xsd	fail	compiled a schema that should be invalid
schema-invalid	reG26::msMeta/../msData/regex/reG26.xsd	fail	compiled a schema that should be invalid
schema-invalid	reG27::msMeta/../msData/regex/reG27.xsd	fail	compiled a schema that should be invalid
schema-invalid	reG28::msMeta/../msData/regex/reG28.xsd	fail	compiled a schema that should be invalid
schema-invalid	reG29::msMeta/../msData/regex/reG29.xsd	fail	compiled a schema that should be invalid
schema-invalid	reG30::msMeta/../msData/regex/reG30.xsd	fail	compiled a schema that should be invalid
schema-invalid	reG31::msMeta/../msData/regex/reG31.xsd	fail	compiled a schema that should be invalid
schema-invalid	reG32::msMeta/../msData/regex/reG32.xsd	fail	compiled a schema that should be invalid
schema-invalid	reG33::msMeta/../msData/regex/reG33.xsd	fail	compiled a schema that should be invalid
schema-invalid	reG34::msMeta/../msData/regex/reG34.xsd	fail	compiled a schema that should be invalid
schema-invalid	reG35::msMeta/../msData/regex/reG35.xsd	fail	compiled a schema that should be invalid
schema-invalid	reG37::msMeta/../msData/regex/reG37.xsd	fail	compiled a schema that should be invalid
schema-invalid	reG46::msMeta/../msData/regex/reG46.xsd	fail	compiled a schema that should be invalid
schema-invalid	reH19::msMeta/../msData/regex/reH19.xsd	fail	compiled a schema that should be invalid
schema-invalid	reH20::msMeta/../msData/regex/reH20.xsd	fail	compiled a schema that should be invalid
schema-invalid	reH21::msMeta/../msData/regex/reH21.xsd	fail	compiled a schema that should be invalid
schema-invalid	reK88::msMeta/../msData/regex/reK88.xsd	fail	compiled a schema that should be invalid
schema-invalid	s3_10_1si01::ibmMeta/../ibmData/schema_invalid/S3_10_1/s3_10_1si01.xsd	fail	compiled a schema that should be invalid
schema-invalid	s3_10_1si02::ibmMeta/../ibmData/schema_invalid/S3_10_1/s3_10_1si02.xsd	fail	compiled a schema that should be invalid
schema-invalid	s3_10_6si01::ibmMeta/../ibmData/schema_invalid/S3_10_6/s3_10_6si01.xsd	fail	compiled a schema that should be invalid
schema-invalid	s3_10_6si02::ibmMeta/../ibmData/schema_invalid/S3_10_6/s3_10_6si02.xsd	fail	compiled a schema that should be invalid
schema-invalid	s3_2_3si05::ibmMeta/../ibmData/schema_invalid/S3_2_3/s3_2_3si05.xsd	fail	parse error: text decode error: cannot decode input using UTF-8: invalid utf-8 sequence of 1 bytes from index 0
schema-invalid	s4_2_4si01::ibmMeta/../ibmData/schema_invalid/S4_2_4/s4_2_4si01.xsd	fail	compiled a schema that should be invalid
schema-invalid	s4_2_4si01b::ibmMeta/../ibmData/schema_invalid/S4_2_4/s4_2_4si01b.xsd	fail	compiled a schema that should be invalid
schema-invalid	s4_2_4si02::ibmMeta/../ibmData/schema_invalid/S4_2_4/s4_2_4si02.xsd	fail	compiled a schema that should be invalid
schema-invalid	s4_2_4si02b::ibmMeta/../ibmData/schema_invalid/S4_2_4/s4_2_4si02b.xsd	fail	compiled a schema that should be invalid
schema-invalid	schB3::msMeta/../msData/schema/schB3.xsd	fail	compiled a schema that should be invalid
schema-invalid	schB4::msMeta/../msData/schema/schB4_a.xsd	fail	compiled a schema that should be invalid
schema-invalid	schB5::msMeta/../msData/schema/schB5_a.xsd	fail	compiled a schema that should be invalid
schema-invalid	schC2::msMeta/../msData/schema/schC2_a.xsd	fail	compiled a schema that should be invalid
schema-invalid	schC5::msMeta/../msData/schema/schC5_a.xsd	fail	compiled a schema that should be invalid
schema-invalid	schE10::msMeta/../msData/schema/schE10.xsd	fail	compiled a schema that should be invalid
schema-invalid	schE5::msMeta/../msData/schema/schE5.xsd	fail	compiled a schema that should be invalid
schema-invalid	schE6::msMeta/../msData/schema/schE6.xsd	fail	compiled a schema that should be invalid
schema-invalid	schF3::msMeta/../msData/schema/schF3_a.xsd	fail	compiled a schema that should be invalid
schema-invalid	schF4::msMeta/../msData/schema/schF4_a.xsd	fail	compiled a schema that should be invalid
schema-invalid	schF6::msMeta/../msData/schema/schF6_a.xsd	fail	compiled a schema that should be invalid
schema-invalid	schG10::msMeta/../msData/schema/schG10_a.xsd	fail	compiled a schema that should be invalid
schema-invalid	schG11::msMeta/../msData/schema/schG11_a.xsd	fail	compiled a schema that should be invalid
schema-invalid	schG13::msMeta/../msData/schema/schG13.xsd	fail	compiled a schema that should be invalid
schema-invalid	schG6::msMeta/../msData/schema/schG6_a.xsd	fail	compiled a schema that should be invalid
schema-invalid	schG9::msMeta/../msData/schema/schG9_a.xsd	fail	compiled a schema that should be invalid
schema-invalid	schH3::msMeta/../msData/schema/schH3.xsd	fail	compiled a schema that should be invalid
schema-invalid	schH4::msMeta/../msData/schema/schH4_a.xsd	fail	compiled a schema that should be invalid
schema-invalid	schH5::msMeta/../msData/schema/schH5.xsd	fail	compiled a schema that should be invalid
schema-invalid	schH6::msMeta/../msData/schema/schH6.xsd	fail	compiled a schema that should be invalid
schema-invalid	schI2::msMeta/../msData/schema/schI2_a.xsd	fail	compiled a schema that should be invalid
schema-invalid	schI5::msMeta/../msData/schema/schI5_a.xsd	fail	compiled a schema that should be invalid
schema-invalid	schJ2::msMeta/../msData/schema/schJ2_a.xsd	fail	compiled a schema that should be invalid
schema-invalid	schJ3::msMeta/../msData/schema/schJ3_a.xsd	fail	compiled a schema that should be invalid
schema-invalid	schK2::msMeta/../msData/schema/schK2_a.xsd	fail	compiled a schema that should be invalid
schema-invalid	schK3::msMeta/../msData/schema/schK3_a.xsd	fail	compiled a schema that should be invalid
schema-invalid	schL10::msMeta/../msData/schema/schL10_a.xsd	fail	compiled a schema that should be invalid
schema-invalid	schL1::msMeta/../msData/schema/schL1_a.xsd	fail	compiled a schema that should be invalid
schema-invalid	schL5::msMeta/../msData/schema/schL5_a.xsd	fail	compiled a schema that should be invalid
schema-invalid	schL6::msMeta/../msData/schema/schL6_a.xsd	fail	compiled a schema that should be invalid
schema-invalid	schL8::msMeta/../msData/schema/schL8_a.xsd	fail	compiled a schema that should be invalid
schema-invalid	schM10::msMeta/../msData/schema/schM10_a.xsd	fail	compiled a schema that should be invalid
schema-invalid	schM3::msMeta/../msData/schema/schM3_a.xsd	fail	compiled a schema that should be invalid
schema-invalid	schM4::msMeta/../msData/schema/schM4_a.xsd	fail	compiled a schema that should be invalid
schema-invalid	schM5::msMeta/../msData/schema/schM5.xsd	fail	compiled a schema that should be invalid
schema-invalid	schM8::msMeta/../msData/schema/schM8_a.xsd	fail	compiled a schema that should be invalid
schema-invalid	schN10::msMeta/../msData/schema/schN10_a.xsd	fail	compiled a schema that should be invalid
schema-invalid	schN12::msMeta/../msData/schema/schN12_a.xsd	fail	compiled a schema that should be invalid
schema-invalid	schN13i::msMeta/../msData/schema/schN13a_i.xsd	fail	compiled a schema that should be invalid
schema-invalid	schN4::msMeta/../msData/schema/schN4.xsd	fail	compiled a schema that should be invalid
schema-invalid	schN5::msMeta/../msData/schema/schN5.xsd	fail	compiled a schema that should be invalid
schema-invalid	schN6::msMeta/../msData/schema/schN6.xsd	fail	compiled a schema that should be invalid
schema-invalid	schN7::msMeta/../msData/schema/schN7.xsd	fail	compiled a schema that should be invalid
schema-invalid	schO2::msMeta/../msData/schema/schO2_a.xsd	fail	compiled a schema that should be invalid
schema-invalid	schP3::msMeta/../msData/schema/schP3_a.xsd	fail	compiled a schema that should be invalid
schema-invalid	schQ2::msMeta/../msData/schema/schQ2_a.xsd	fail	compiled a schema that should be invalid
schema-invalid	schQ4::msMeta/../msData/schema/schQ4_a.xsd	fail	compiled a schema that should be invalid
schema-invalid	schR3::msMeta/../msData/schema/schR3_a.xsd	fail	compiled a schema that should be invalid
schema-invalid	schR4::msMeta/../msData/schema/schR4_a.xsd	fail	compiled a schema that should be invalid
schema-invalid	schR5::msMeta/../msData/schema/schR5_a.xsd	fail	compiled a schema that should be invalid
schema-invalid	schS1::msMeta/../msData/schema/schS1_a.xsd	fail	compiled a schema that should be invalid
schema-invalid	schT1::msMeta/../msData/schema/schT1_a.xsd	fail	compiled a schema that should be invalid
schema-invalid	schT2::msMeta/../msData/schema/schT2_a.xsd	fail	compiled a schema that should be invalid
schema-invalid	schZ001_78029-a::msMeta/../msData/schema/78029a.xsd	fail	compiled a schema that should be invalid
schema-invalid	schZ002_78029-b::msMeta/../msData/schema/78029b.xsd	fail	compiled a schema that should be invalid
schema-invalid	schZ003_78029-c::msMeta/../msData/schema/78029c.xsd	fail	compiled a schema that should be invalid
schema-invalid	schZ004::msMeta/../msData/schema/schZ004.xsd	fail	compiled a schema that should be invalid
schema-invalid	schZ005::msMeta/../msData/schema/schZ005.xsd	fail	compiled a schema that should be invalid
schema-invalid	schZ006::msMeta/../msData/schema/schZ006.xsd	fail	compiled a schema that should be invalid
schema-invalid	schZ010::msMeta/../msData/schema/schZ010.xsd	fail	compiled a schema that should be invalid
schema-invalid	schZ011_a::msMeta/../msData/schema/schZ011_a.xsd	fail	compiled a schema that should be invalid
schema-invalid	schZ011_b::msMeta/../msData/schema/schZ011_b.xsd	fail	compiled a schema that should be invalid
schema-invalid	schZ011_c::msMeta/../msData/schema/schZ011_c.xsd	fail	compiled a schema that should be invalid
schema-invalid	schZ011_d::msMeta/../msData/schema/schZ011_d.xsd	fail	compiled a schema that should be invalid
schema-invalid	schZ014_a::msMeta/../msData/schema/schZ014_a.xsd	fail	compiled a schema that should be invalid
schema-invalid	schZ014_b::msMeta/../msData/schema/schZ014_b.xsd	fail	compiled a schema that should be invalid
schema-invalid	short_fractionDigits004_770::msMeta/../msData/datatypes/Facets/Schemas/short_fractionDigits004.xsd	fail	compiled a schema that should be invalid
schema-invalid	short_fractionDigits007_773::msMeta/../msData/datatypes/Facets/Schemas/short_fractionDigits007.xsd	fail	compiled a schema that should be invalid
schema-invalid	stA008::msMeta/../msData/simpleType/stA008.xsd	fail	compiled a schema that should be invalid
schema-invalid	stA009::msMeta/../msData/simpleType/stA009.xsd	fail	compiled a schema that should be invalid
schema-invalid	stA010::msMeta/../msData/simpleType/stA010.xsd	fail	compiled a schema that should be invalid
schema-invalid	stA011::msMeta/../msData/simpleType/stA011.xsd	fail	compiled a schema that should be invalid
schema-invalid	stA012::msMeta/../msData/simpleType/stA012.xsd	fail	compiled a schema that should be invalid
schema-invalid	stA013::msMeta/../msData/simpleType/stA013.xsd	fail	compiled a schema that should be invalid
schema-invalid	stB001::msMeta/../msData/simpleType/stB001.xsd	fail	compiled a schema that should be invalid
schema-invalid	stC011::msMeta/../msData/simpleType/stC011.xsd	fail	compiled a schema that should be invalid
schema-invalid	stC031::msMeta/../msData/simpleType/stC031.xsd	fail	compiled a schema that should be invalid
schema-invalid	stD015::msMeta/../msData/simpleType/stD015.xsd	fail	compiled a schema that should be invalid
schema-invalid	stD018::msMeta/../msData/simpleType/stD018.xsd	fail	compiled a schema that should be invalid
schema-invalid	stE012::msMeta/../msData/simpleType/stE012.xsd	fail	compiled a schema that should be invalid
schema-invalid	stF009::msMeta/../msData/simpleType/stF009.xsd	fail	compiled a schema that should be invalid
schema-invalid	stF010::msMeta/../msData/simpleType/stF010.xsd	fail	compiled a schema that should be invalid
schema-invalid	stF011::msMeta/../msData/simpleType/stF011.xsd	fail	compiled a schema that should be invalid
schema-invalid	stF012::msMeta/../msData/simpleType/stF012.xsd	fail	compiled a schema that should be invalid
schema-invalid	stF018::msMeta/../msData/simpleType/stF018.xsd	fail	compiled a schema that should be invalid
schema-invalid	stF019::msMeta/../msData/simpleType/stF019.xsd	fail	compiled a schema that should be invalid
schema-invalid	stF020::msMeta/../msData/simpleType/stF020.xsd	fail	compiled a schema that should be invalid
schema-invalid	stF024::msMeta/../msData/simpleType/stF024.xsd	fail	compiled a schema that should be invalid
schema-invalid	stF025::msMeta/../msData/simpleType/stF025.xsd	fail	compiled a schema that should be invalid
schema-invalid	stF026::msMeta/../msData/simpleType/stF026.xsd	fail	compiled a schema that should be invalid
schema-invalid	stF027::msMeta/../msData/simpleType/stF027.xsd	fail	compiled a schema that should be invalid
schema-invalid	stI005::msMeta/../msData/simpleType/stI005.xsd	fail	compiled a schema that should be invalid
schema-invalid	stJ010::msMeta/../msData/simpleType/stJ010.xsd	fail	compiled a schema that should be invalid
schema-invalid	stJ011::msMeta/../msData/simpleType/stJ011.xsd	fail	compiled a schema that should be invalid
schema-invalid	stJ012::msMeta/../msData/simpleType/stJ012.xsd	fail	compiled a schema that should be invalid
schema-invalid	stJ013::msMeta/../msData/simpleType/stJ013.xsd	fail	compiled a schema that should be invalid
schema-invalid	stJ019::msMeta/../msData/simpleType/stJ019.xsd	fail	compiled a schema that should be invalid
schema-invalid	stK005::msMeta/../msData/simpleType/stK005.xsd	fail	compiled a schema that should be invalid
schema-invalid	stK006::msMeta/../msData/simpleType/stK006.xsd	fail	compiled a schema that should be invalid
schema-invalid	stK007::msMeta/../msData/simpleType/stK007.xsd	fail	compiled a schema that should be invalid
schema-invalid	stK011::msMeta/../msData/simpleType/stK011.xsd	fail	compiled a schema that should be invalid
schema-invalid	stK012::msMeta/../msData/simpleType/stK012.xsd	fail	compiled a schema that should be invalid
schema-invalid	stK013::msMeta/../msData/simpleType/stK013.xsd	fail	compiled a schema that should be invalid
schema-invalid	stK014::msMeta/../msData/simpleType/stK014.xsd	fail	compiled a schema that should be invalid
schema-invalid	stZ005::msMeta/../msData/simpleType/stZ005.xsd	fail	compiled a schema that should be invalid
schema-invalid	stZ006::msMeta/../msData/simpleType/stZ006.xsd	fail	compiled a schema that should be invalid
schema-invalid	stZ009::msMeta/../msData/simpleType/stZ009.xsd	fail	compiled a schema that should be invalid
schema-invalid	stZ010::msMeta/../msData/simpleType/stZ010.xsd	fail	compiled a schema that should be invalid
schema-invalid	stZ011::msMeta/../msData/simpleType/stZ011.xsd	fail	compiled a schema that should be invalid
schema-invalid	stZ012::msMeta/../msData/simpleType/stZ012.xsd	fail	compiled a schema that should be invalid
schema-invalid	stZ013::msMeta/../msData/simpleType/stZ013.xsd	fail	compiled a schema that should be invalid
schema-invalid	stZ014::msMeta/../msData/simpleType/stZ014.xsd	fail	compiled a schema that should be invalid
schema-invalid	stZ018::msMeta/../msData/simpleType/stZ018.xsd	fail	compiled a schema that should be invalid
schema-invalid	stZ019::msMeta/../msData/simpleType/stZ019.xsd	fail	compiled a schema that should be invalid
schema-invalid	stZ022::msMeta/../msData/simpleType/stZ022.xsd	fail	compiled a schema that should be invalid
schema-invalid	stZ026::msMeta/../msData/simpleType/stZ026.xsd	fail	compiled a schema that should be invalid
schema-invalid	stZ027::msMeta/../msData/simpleType/stZ027.xsd	fail	compiled a schema that should be invalid
schema-invalid	stZ028::msMeta/../msData/simpleType/stZ028.xsd	fail	compiled a schema that should be invalid
schema-invalid	stZ038::msMeta/../msData/simpleType/stZ038.xsd	fail	compiled a schema that should be invalid
schema-invalid	stZ048::msMeta/../msData/simpleType/test107331_f.xsd	fail	compiled a schema that should be invalid
schema-invalid	stZ049::msMeta/../msData/simpleType/test107331_g.xsd	fail	compiled a schema that should be invalid
schema-invalid	stZ070::msMeta/../msData/simpleType/stZ070.xsd	fail	compiled a schema that should be invalid
schema-invalid	st_variety00201m1::sunMeta/../sunData/SType/ST_variety/ST_variety00201m/ST_variety00201m1.xsd	fail	compiled a schema that should be invalid
schema-invalid	st_variety00201m2::sunMeta/../sunData/SType/ST_variety/ST_variety00201m/ST_variety00201m2.xsd	fail	compiled a schema that should be invalid
schema-invalid	substgrpexcl00202m2::sunMeta/../sunData/ElemDecl/substGroupExclusions/substGrpExcl00202m/substGrpExcl00202m2.xsd	fail	compiled a schema that should be invalid
schema-invalid	substgrpexcl00303m2::sunMeta/../sunData/ElemDecl/substGroupExclusions/substGrpExcl00303m/substGrpExcl00303m2.xsd	fail	compiled a schema that should be invalid
schema-invalid	targetns00101m2::sunMeta/../sunData/IdConstrDefs/targetNS/targetNS00101m/targetNS00101m2.xsd	fail	compiled a schema that should be invalid
schema-invalid	time_maxInclusive007_119::msMeta/../msData/datatypes/Facets/Schemas/time_maxInclusive007.xsd	fail	compiled a schema that should be invalid
schema-invalid	token_whitespace001_367::msMeta/../msData/datatypes/Facets/Schemas/token_whitespace001.xsd	fail	compiled a schema that should be invalid
schema-invalid	union_minInclisive_1019::msMeta/../msData/datatypes/union_minInclusive.xsd	fail	compiled a schema that should be invalid
schema-invalid	unsignedByte_fractionDigits004_982::msMeta/../msData/datatypes/Facets/Schemas/unsignedByte_fractionDigits004.xsd	fail	compiled a schema that should be invalid
schema-invalid	unsignedByte_fractionDigits007_985::msMeta/../msData/datatypes/Facets/Schemas/unsignedByte_fractionDigits007.xsd	fail	compiled a schema that should be invalid
schema-invalid	unsignedInt_fractionDigits004_910::msMeta/../msData/datatypes/Facets/Schemas/unsignedInt_fractionDigits004.xsd	fail	compiled a schema that should be invalid
schema-invalid	unsignedInt_fractionDigits007_913::msMeta/../msData/datatypes/Facets/Schemas/unsignedInt_fractionDigits007.xsd	fail	compiled a schema that should be invalid
schema-invalid	unsignedLong_fractionDigits004_874::msMeta/../msData/datatypes/Facets/Schemas/unsignedLong_fractionDigits004.xsd	fail	compiled a schema that should be invalid
schema-invalid	unsignedLong_fractionDigits007_877::msMeta/../msData/datatypes/Facets/Schemas/unsignedLong_fractionDigits007.xsd	fail	compiled a schema that should be invalid
schema-invalid	unsignedShort_fractionDigits004_946::msMeta/../msData/datatypes/Facets/Schemas/unsignedShort_fractionDigits004.xsd	fail	compiled a schema that should be invalid
schema-invalid	unsignedShort_fractionDigits007_949::msMeta/../msData/datatypes/Facets/Schemas/unsignedShort_fractionDigits007.xsd	fail	compiled a schema that should be invalid
schema-invalid	valueconstraint00101m2::sunMeta/../sunData/ElemDecl/valueConstraint/valueConstraint00101m/valueConstraint00101m2.xsd	fail	compiled a schema that should be invalid
schema-invalid	valueconstraint00401m2::sunMeta/../sunData/ElemDecl/valueConstraint/valueConstraint00401m/valueConstraint00401m2.xsd	fail	compiled a schema that should be invalid
schema-invalid	valueconstraint00401m6::sunMeta/../sunData/ElemDecl/valueConstraint/valueConstraint00401m/valueConstraint00401m6.xsd	fail	compiled a schema that should be invalid
schema-invalid	valueconstraint00401m8::sunMeta/../sunData/ElemDecl/valueConstraint/valueConstraint00401m/valueConstraint00401m8.xsd	fail	compiled a schema that should be invalid
schema-invalid	valueconstraint00402m2::sunMeta/../sunData/ElemDecl/valueConstraint/valueConstraint00402m/valueConstraint00402m2.xsd	fail	compiled a schema that should be invalid
schema-invalid	valueconstraint00402m6::sunMeta/../sunData/ElemDecl/valueConstraint/valueConstraint00402m/valueConstraint00402m6.xsd	fail	compiled a schema that should be invalid
schema-invalid	valueconstraint00402m8::sunMeta/../sunData/ElemDecl/valueConstraint/valueConstraint00402m/valueConstraint00402m8.xsd	fail	compiled a schema that should be invalid
schema-invalid	valueconstraint00601m2::sunMeta/../sunData/ElemDecl/valueConstraint/valueConstraint00601m/valueConstraint00601m2.xsd	fail	compiled a schema that should be invalid
schema-invalid	valueconstraint00601m4::sunMeta/../sunData/ElemDecl/valueConstraint/valueConstraint00601m/valueConstraint00601m4.xsd	fail	compiled a schema that should be invalid
schema-invalid	valueconstraint01001m2::sunMeta/../sunData/ElemDecl/valueConstraint/valueConstraint01001m/valueConstraint01001m2.xsd	fail	compiled a schema that should be invalid
schema-invalid	valueconstraint01001m3::sunMeta/../sunData/ElemDecl/valueConstraint/valueConstraint01001m/valueConstraint01001m3.xsd	fail	compiled a schema that should be invalid
schema-invalid	valueconstraint01001m5::sunMeta/../sunData/ElemDecl/valueConstraint/valueConstraint01001m/valueConstraint01001m5.xsd	fail	compiled a schema that should be invalid
schema-invalid	valueconstraint01001m6::sunMeta/../sunData/ElemDecl/valueConstraint/valueConstraint01001m/valueConstraint01001m6.xsd	fail	compiled a schema that should be invalid
schema-invalid	wildB020::msMeta/../msData/wildcards/wildB020.xsd	fail	compiled a schema that should be invalid
schema-invalid	wildB028::msMeta/../msData/wildcards/wildB028.xsd	fail	compiled a schema that should be invalid
schema-invalid	wildI002::msMeta/../msData/wildcards/wildI002.xsd	fail	compiled a schema that should be invalid
schema-invalid	wildI003::msMeta/../msData/wildcards/wildI003.xsd	fail	compiled a schema that should be invalid
schema-invalid	wildI009::msMeta/../msData/wildcards/wildI009.xsd	fail	compiled a schema that should be invalid
schema-invalid	wildI010::msMeta/../msData/wildcards/wildI010.xsd	fail	compiled a schema that should be invalid
schema-invalid	wildI013::msMeta/../msData/wildcards/wildI013.xsd	fail	compiled a schema that should be invalid
schema-invalid	wildI014::msMeta/../msData/wildcards/wildI014.xsd	fail	compiled a schema that should be invalid
schema-invalid	wildQ002::msMeta/../msData/wildcards/wildQ002.xsd	fail	compiled a schema that should be invalid
schema-invalid	wildQ003::msMeta/../msData/wildcards/wildQ003.xsd	fail	compiled a schema that should be invalid
schema-invalid	wildQ004::msMeta/../msData/wildcards/wildQ004.xsd	fail	compiled a schema that should be invalid
schema-invalid	wildZ013::msMeta/../msData/wildcards/test328873i.xsd	fail	compiled a schema that should be invalid
schema-invalid	xsd003-1.e::sunMeta/../sunData/combined/xsd003/xsd003-1.e.xsd	fail	compiled a schema that should be invalid
schema-invalid	xsd003-2.e::sunMeta/../sunData/combined/xsd003/xsd003-2.e.xsd	fail	compiled a schema that should be invalid
schema-invalid	xsd009.e::sunMeta/../sunData/combined/xsd009/xsd009.e.xsd	fail	compiled a schema that should be invalid
schema-invalid	xsd010.e::sunMeta/../sunData/combined/xsd010/xsd010.e.xsd	fail	compiled a schema that should be invalid
schema-invalid	xsd013.e::sunMeta/../sunData/combined/xsd013/xsd013.e.xsd	fail	compiled a schema that should be invalid
schema-invalid	xsd015.e::sunMeta/../sunData/combined/xsd015/xsd015.e.xsd	fail	compiled a schema that should be invalid
schema-invalid	xsd018.e::sunMeta/../sunData/combined/xsd018/xsd018.e.xsd	fail	compiled a schema that should be invalid
schema-invalid	xsd019.e::sunMeta/../sunData/combined/xsd019/xsd019.e.xsd	fail	compiled a schema that should be invalid
schema-invalid	xsd020.e::sunMeta/../sunData/combined/xsd020/xsd020.e.xsd	fail	compiled a schema that should be invalid
schema-invalid	xsd023.e::sunMeta/../sunData/combined/xsd023/xsd023.e.xsd	fail	compiled a schema that should be invalid
