#counts	total=2585	pass=910	fail=932	unsupported=743	blocked=0	panic=0
error	ibm-invalid-P68-ibm68i01.xml	unsupported	optional-error-test
error	ibm-invalid-P68-ibm68i02.xml	unsupported	optional-error-test
error	ibm-invalid-P68-ibm68i03.xml	unsupported	optional-error-test
error	ibm-invalid-P68-ibm68i04.xml	unsupported	optional-error-test
error	ibm-invalid-P69-ibm69i01.xml	unsupported	optional-error-test
error	ibm-invalid-P69-ibm69i02.xml	unsupported	optional-error-test
error	ibm-invalid-P69-ibm69i03.xml	unsupported	optional-error-test
error	ibm-invalid-P69-ibm69i04.xml	unsupported	optional-error-test
error	ibm-not-wf-P69-ibm69n05.xml	unsupported	optional-error-test
error	invalid-bo-7	unsupported	optional-error-test
error	invalid-bo-8	unsupported	optional-error-test
error	invalid-bo-9	unsupported	optional-error-test
error	not-wf-not-sa-005	unsupported	optional-error-test
error	o-p11pass1	unsupported	optional-error-test
error	pr-xml-euc-jp	unsupported	optional-error-test
error	pr-xml-iso-2022-jp	unsupported	optional-error-test
error	pr-xml-shift_jis	unsupported	optional-error-test
error	rmt-008	unsupported	optional-error-test
error	rmt-009	unsupported	optional-error-test
error	rmt-055	unsupported	optional-error-test
error	rmt-056	unsupported	optional-error-test
error	rmt-057	unsupported	optional-error-test
error	rmt-e2e-34	unsupported	optional-error-test
error	rmt-e2e-55	unsupported	optional-error-test
error	rmt-e2e-57	unsupported	optional-error-test
error	rmt-ns10-004	unsupported	optional-error-test
error	rmt-ns10-005	unsupported	optional-error-test
error	rmt-ns10-006	unsupported	optional-error-test
error	uri01	unsupported	optional-error-test
error	weekly-euc-jp	unsupported	optional-error-test
error	weekly-iso-2022-jp	unsupported	optional-error-test
error	weekly-shift_jis	unsupported	optional-error-test
error	x-rmt-008	unsupported	optional-error-test
invalid	ibm-1-1-valid-P46-ibm46i01.xml	unsupported	xml-1.1
invalid	ibm-1-1-valid-P46-ibm46i02.xml	unsupported	xml-1.1
invalid	ibm-invalid-P89-ibm89n06.xml	unsupported	5th-edition
invalid	ibm-invalid-P89-ibm89n07.xml	unsupported	5th-edition
invalid	ibm-invalid-P89-ibm89n08.xml	unsupported	5th-edition
invalid	ibm-invalid-P89-ibm89n09.xml	unsupported	5th-edition
invalid	ibm-invalid-P89-ibm89n10.xml	unsupported	5th-edition
invalid	ibm-invalid-P89-ibm89n11.xml	unsupported	5th-edition
invalid	ibm-invalid-P89-ibm89n12.xml	unsupported	5th-edition
invalid	invalid-bo-1	fail	parse error: text decode error: at 1..4: unrecognized entity `bom`
invalid	invalid-bo-2	fail	parse error: text decode error: at 1..4: unrecognized entity `bom`
invalid	invalid-bo-3	fail	parse error: text decode error: at 1..5: unrecognized entity `bom8`
invalid	invalid-bo-4	fail	parse error: text decode error: at 1..7: unrecognized entity `bombom`
invalid	invalid-bo-5	fail	parse error: text decode error: at 1..7: unrecognized entity `bombom`
invalid	invalid-bo-6	fail	parse error: text decode error: at 1..8: unrecognized entity `bombom8`
invalid	invalid-sa-140	unsupported	5th-edition
invalid	invalid-sa-141	unsupported	5th-edition
invalid	rmt-015	unsupported	xml-1.1
invalid	rmt-017	unsupported	xml-1.1
invalid	rmt-018	unsupported	xml-1.1
invalid	rmt-030	unsupported	xml-1.1
invalid	rmt-032	unsupported	xml-1.1
invalid	rmt-036	unsupported	xml-1.1
invalid	rmt-037	unsupported	xml-1.1
invalid	rmt-046	unsupported	xml-1.1
invalid	rmt-048	unsupported	xml-1.1
invalid	rmt-052	unsupported	xml-1.1
invalid	rmt-053	unsupported	xml-1.1
invalid	rmt-e3e-13	fail	parse error: text decode error: at 1..5: unrecognized entity `ent2`
invalid	utf16b	unsupported	utf-16 BOM
invalid	utf16l	unsupported	utf-16 BOM
invalid	x-rmt5-014	unsupported	5th-edition
invalid	x-rmt5-016	unsupported	5th-edition
invalid	x-rmt5-019	unsupported	5th-edition
not-wf	attlist01	fail	parser accepted not-well-formed input
not-wf	attlist02	fail	parser accepted not-well-formed input
not-wf	attlist03	fail	parser accepted not-well-formed input
not-wf	attlist04	fail	parser accepted not-well-formed input
not-wf	attlist05	fail	parser accepted not-well-formed input
not-wf	attlist06	fail	parser accepted not-well-formed input
not-wf	attlist07	fail	parser accepted not-well-formed input
not-wf	attlist08	fail	parser accepted not-well-formed input
not-wf	attlist09	fail	parser accepted not-well-formed input
not-wf	attlist10	fail	parser accepted not-well-formed input
not-wf	attlist11	fail	parser accepted not-well-formed input
not-wf	cond01	fail	parser accepted not-well-formed input
not-wf	cond02	fail	parser accepted not-well-formed input
not-wf	content01	fail	parser accepted not-well-formed input
not-wf	content02	fail	parser accepted not-well-formed input
not-wf	content03	fail	parser accepted not-well-formed input
not-wf	decl01	fail	parser accepted not-well-formed input
not-wf	dtd02	fail	parser accepted not-well-formed input
not-wf	dtd03	fail	parser accepted not-well-formed input
not-wf	dtd04	fail	parser accepted not-well-formed input
not-wf	dtd05	fail	parser accepted not-well-formed input
not-wf	dtd07	fail	parser accepted not-well-formed input
not-wf	encoding01	unsupported	encoding:  utf-8
not-wf	encoding02	unsupported	encoding: a/b
not-wf	encoding03	unsupported	encoding: just&#41;word
not-wf	encoding04	unsupported	encoding: utf:8
not-wf	encoding05	unsupported	encoding: @import(sys-encoding)
not-wf	encoding06	unsupported	encoding: XYZ+999
not-wf	hst-lhs-007	unsupported	encoding: iso-8859-1
not-wf	hst-lhs-008	unsupported	utf-16 BOM
not-wf	hst-lhs-009	unsupported	utf-16 BOM
not-wf	ht-bh-ns11-007	unsupported	xml-1.1
not-wf	ht-bh-ns11-008	unsupported	xml-1.1
not-wf	ibm-1-1-not-wf-P02-ibm02n01.xml	unsupported	xml-1.1
not-wf	ibm-1-1-not-wf-P02-ibm02n02.xml	unsupported	xml-1.1
not-wf	ibm-1-1-not-wf-P02-ibm02n03.xml	unsupported	xml-1.1
not-wf	ibm-1-1-not-wf-P02-ibm02n04.xml	unsupported	xml-1.1
not-wf	ibm-1-1-not-wf-P02-ibm02n05.xml	unsupported	xml-1.1
not-wf	ibm-1-1-not-wf-P02-ibm02n06.xml	unsupported	xml-1.1
not-wf	ibm-1-1-not-wf-P02-ibm02n07.xml	unsupported	xml-1.1
not-wf	ibm-1-1-not-wf-P02-ibm02n08.xml	unsupported	xml-1.1
not-wf	ibm-1-1-not-wf-P02-ibm02n09.xml	unsupported	xml-1.1
not-wf	ibm-1-1-not-wf-P02-ibm02n10.xml	unsupported	xml-1.1
not-wf	ibm-1-1-not-wf-P02-ibm02n11.xml	unsupported	xml-1.1
not-wf	ibm-1-1-not-wf-P02-ibm02n12.xml	unsupported	xml-1.1
not-wf	ibm-1-1-not-wf-P02-ibm02n14.xml	unsupported	xml-1.1
not-wf	ibm-1-1-not-wf-P02-ibm02n15.xml	unsupported	xml-1.1
not-wf	ibm-1-1-not-wf-P02-ibm02n16.xml	unsupported	xml-1.1
not-wf	ibm-1-1-not-wf-P02-ibm02n17.xml	unsupported	xml-1.1
not-wf	ibm-1-1-not-wf-P02-ibm02n18.xml	unsupported	xml-1.1
not-wf	ibm-1-1-not-wf-P02-ibm02n19.xml	unsupported	xml-1.1
not-wf	ibm-1-1-not-wf-P02-ibm02n20.xml	unsupported	xml-1.1
not-wf	ibm-1-1-not-wf-P02-ibm02n21.xml	unsupported	xml-1.1
not-wf	ibm-1-1-not-wf-P02-ibm02n22.xml	unsupported	xml-1.1
not-wf	ibm-1-1-not-wf-P02-ibm02n23.xml	unsupported	xml-1.1
not-wf	ibm-1-1-not-wf-P02-ibm02n24.xml	unsupported	xml-1.1
not-wf	ibm-1-1-not-wf-P02-ibm02n25.xml	unsupported	xml-1.1
not-wf	ibm-1-1-not-wf-P02-ibm02n26.xml	unsupported	xml-1.1
not-wf	ibm-1-1-not-wf-P02-ibm02n27.xml	unsupported	xml-1.1
not-wf	ibm-1-1-not-wf-P02-ibm02n28.xml	unsupported	xml-1.1
not-wf	ibm-1-1-not-wf-P02-ibm02n29.xml	unsupported	xml-1.1
not-wf	ibm-1-1-not-wf-P02-ibm02n30.xml	unsupported	xml-1.1
not-wf	ibm-1-1-not-wf-P02-ibm02n31.xml	unsupported	xml-1.1
not-wf	ibm-1-1-not-wf-P02-ibm02n32.xml	unsupported	xml-1.1
not-wf	ibm-1-1-not-wf-P02-ibm02n33.xml	unsupported	xml-1.1
not-wf	ibm-1-1-not-wf-P02-ibm02n34.xml	unsupported	xml-1.1
not-wf	ibm-1-1-not-wf-P02-ibm02n35.xml	unsupported	xml-1.1
not-wf	ibm-1-1-not-wf-P02-ibm02n36.xml	unsupported	xml-1.1
not-wf	ibm-1-1-not-wf-P02-ibm02n37.xml	unsupported	xml-1.1
not-wf	ibm-1-1-not-wf-P02-ibm02n38.xml	unsupported	xml-1.1
not-wf	ibm-1-1-not-wf-P02-ibm02n39.xml	unsupported	xml-1.1
not-wf	ibm-1-1-not-wf-P02-ibm02n40.xml	unsupported	xml-1.1
not-wf	ibm-1-1-not-wf-P02-ibm02n41.xml	unsupported	xml-1.1
not-wf	ibm-1-1-not-wf-P02-ibm02n42.xml	unsupported	xml-1.1
not-wf	ibm-1-1-not-wf-P02-ibm02n43.xml	unsupported	xml-1.1
not-wf	ibm-1-1-not-wf-P02-ibm02n44.xml	unsupported	xml-1.1
not-wf	ibm-1-1-not-wf-P02-ibm02n45.xml	unsupported	xml-1.1
not-wf	ibm-1-1-not-wf-P02-ibm02n46.xml	unsupported	xml-1.1
not-wf	ibm-1-1-not-wf-P02-ibm02n47.xml	unsupported	xml-1.1
not-wf	ibm-1-1-not-wf-P02-ibm02n48.xml	unsupported	xml-1.1
not-wf	ibm-1-1-not-wf-P02-ibm02n49.xml	unsupported	xml-1.1
not-wf	ibm-1-1-not-wf-P02-ibm02n50.xml	unsupported	xml-1.1
not-wf	ibm-1-1-not-wf-P02-ibm02n51.xml	unsupported	xml-1.1
not-wf	ibm-1-1-not-wf-P02-ibm02n52.xml	unsupported	xml-1.1
not-wf	ibm-1-1-not-wf-P02-ibm02n53.xml	unsupported	xml-1.1
not-wf	ibm-1-1-not-wf-P02-ibm02n54.xml	unsupported	xml-1.1
not-wf	ibm-1-1-not-wf-P02-ibm02n55.xml	unsupported	xml-1.1
not-wf	ibm-1-1-not-wf-P02-ibm02n56.xml	unsupported	xml-1.1
not-wf	ibm-1-1-not-wf-P02-ibm02n57.xml	unsupported	xml-1.1
not-wf	ibm-1-1-not-wf-P02-ibm02n58.xml	unsupported	xml-1.1
not-wf	ibm-1-1-not-wf-P02-ibm02n59.xml	unsupported	xml-1.1
not-wf	ibm-1-1-not-wf-P02-ibm02n60.xml	unsupported	xml-1.1
not-wf	ibm-1-1-not-wf-P02-ibm02n61.xml	unsupported	xml-1.1
not-wf	ibm-1-1-not-wf-P02-ibm02n62.xml	unsupported	xml-1.1
not-wf	ibm-1-1-not-wf-P02-ibm02n63.xml	unsupported	xml-1.1
not-wf	ibm-1-1-not-wf-P02-ibm02n64.xml	unsupported	xml-1.1
not-wf	ibm-1-1-not-wf-P02-ibm02n65.xml	unsupported	xml-1.1
not-wf	ibm-1-1-not-wf-P02-ibm02n66.xml	unsupported	xml-1.1
not-wf	ibm-1-1-not-wf-P02-ibm02n67.xml	unsupported	xml-1.1
not-wf	ibm-1-1-not-wf-P02-ibm02n68.xml	unsupported	xml-1.1
not-wf	ibm-1-1-not-wf-P02-ibm02n69.xml	unsupported	xml-1.1
not-wf	ibm-1-1-not-wf-P02-ibm02n70.xml	unsupported	xml-1.1
not-wf	ibm-1-1-not-wf-P02-ibm02n71.xml	unsupported	xml-1.1
not-wf	ibm-1-1-not-wf-P04-ibm04n01.xml	unsupported	xml-1.1
not-wf	ibm-1-1-not-wf-P04-ibm04n02.xml	unsupported	xml-1.1
not-wf	ibm-1-1-not-wf-P04-ibm04n03.xml	unsupported	xml-1.1
not-wf	ibm-1-1-not-wf-P04-ibm04n04.xml	unsupported	xml-1.1
not-wf	ibm-1-1-not-wf-P04-ibm04n05.xml	unsupported	xml-1.1
not-wf	ibm-1-1-not-wf-P04-ibm04n06.xml	unsupported	xml-1.1
not-wf	ibm-1-1-not-wf-P04-ibm04n07.xml	unsupported	xml-1.1
not-wf	ibm-1-1-not-wf-P04-ibm04n08.xml	unsupported	xml-1.1
not-wf	ibm-1-1-not-wf-P04-ibm04n09.xml	unsupported	xml-1.1
not-wf	ibm-1-1-not-wf-P04-ibm04n10.xml	unsupported	xml-1.1
not-wf	ibm-1-1-not-wf-P04-ibm04n11.xml	unsupported	xml-1.1
not-wf	ibm-1-1-not-wf-P04-ibm04n12.xml	unsupported	xml-1.1
not-wf	ibm-1-1-not-wf-P04-ibm04n13.xml	unsupported	xml-1.1
not-wf	ibm-1-1-not-wf-P04-ibm04n14.xml	unsupported	xml-1.1
not-wf	ibm-1-1-not-wf-P04-ibm04n15.xml	unsupported	xml-1.1
not-wf	ibm-1-1-not-wf-P04-ibm04n16.xml	unsupported	xml-1.1
not-wf	ibm-1-1-not-wf-P04-ibm04n17.xml	unsupported	xml-1.1
not-wf	ibm-1-1-not-wf-P04-ibm04n18.xml	unsupported	xml-1.1
not-wf	ibm-1-1-not-wf-P04-ibm04n19.xml	unsupported	xml-1.1
not-wf	ibm-1-1-not-wf-P04-ibm04n20.xml	unsupported	xml-1.1
not-wf	ibm-1-1-not-wf-P04-ibm04n21.xml	unsupported	xml-1.1
not-wf	ibm-1-1-not-wf-P04-ibm04n22.xml	unsupported	xml-1.1
not-wf	ibm-1-1-not-wf-P04-ibm04n23.xml	unsupported	xml-1.1
not-wf	ibm-1-1-not-wf-P04-ibm04n24.xml	unsupported	xml-1.1
not-wf	ibm-1-1-not-wf-P04-ibm04n25.xml	unsupported	xml-1.1
not-wf	ibm-1-1-not-wf-P04-ibm04n26.xml	unsupported	xml-1.1
not-wf	ibm-1-1-not-wf-P04-ibm04n27.xml	unsupported	xml-1.1
not-wf	ibm-1-1-not-wf-P04-ibm04n28.xml	unsupported	xml-1.1
not-wf	ibm-1-1-not-wf-P04a-ibm04an01.xml	unsupported	xml-1.1
not-wf	ibm-1-1-not-wf-P04a-ibm04an02.xml	unsupported	xml-1.1
not-wf	ibm-1-1-not-wf-P04a-ibm04an03.xml	unsupported	xml-1.1
not-wf	ibm-1-1-not-wf-P04a-ibm04an04.xml	unsupported	xml-1.1
not-wf	ibm-1-1-not-wf-P04a-ibm04an05.xml	unsupported	xml-1.1
not-wf	ibm-1-1-not-wf-P04a-ibm04an06.xml	unsupported	xml-1.1
not-wf	ibm-1-1-not-wf-P04a-ibm04an07.xml	unsupported	xml-1.1
not-wf	ibm-1-1-not-wf-P04a-ibm04an08.xml	unsupported	xml-1.1
not-wf	ibm-1-1-not-wf-P04a-ibm04an09.xml	unsupported	xml-1.1
not-wf	ibm-1-1-not-wf-P04a-ibm04an10.xml	unsupported	xml-1.1
not-wf	ibm-1-1-not-wf-P04a-ibm04an11.xml	unsupported	xml-1.1
not-wf	ibm-1-1-not-wf-P04a-ibm04an12.xml	unsupported	xml-1.1
not-wf	ibm-1-1-not-wf-P04a-ibm04an13.xml	unsupported	xml-1.1
not-wf	ibm-1-1-not-wf-P04a-ibm04an14.xml	unsupported	xml-1.1
not-wf	ibm-1-1-not-wf-P04a-ibm04an15.xml	unsupported	xml-1.1
not-wf	ibm-1-1-not-wf-P04a-ibm04an16.xml	unsupported	xml-1.1
not-wf	ibm-1-1-not-wf-P04a-ibm04an17.xml	unsupported	xml-1.1
not-wf	ibm-1-1-not-wf-P04a-ibm04an18.xml	unsupported	xml-1.1
not-wf	ibm-1-1-not-wf-P04a-ibm04an19.xml	unsupported	xml-1.1
not-wf	ibm-1-1-not-wf-P04a-ibm04an20.xml	unsupported	xml-1.1
not-wf	ibm-1-1-not-wf-P04a-ibm04an21.xml	unsupported	xml-1.1
not-wf	ibm-1-1-not-wf-P04a-ibm04an22.xml	unsupported	xml-1.1
not-wf	ibm-1-1-not-wf-P04a-ibm04an23.xml	unsupported	xml-1.1
not-wf	ibm-1-1-not-wf-P04a-ibm04an24.xml	unsupported	xml-1.1
not-wf	ibm-1-1-not-wf-P04a-ibm04an25.xml	unsupported	xml-1.1
not-wf	ibm-1-1-not-wf-P04a-ibm04an26.xml	unsupported	xml-1.1
not-wf	ibm-1-1-not-wf-P04a-ibm04an27.xml	unsupported	xml-1.1
not-wf	ibm-1-1-not-wf-P04a-ibm04an28.xml	unsupported	xml-1.1
not-wf	ibm-1-1-not-wf-P05-ibm05n01.xml	unsupported	xml-1.1
not-wf	ibm-1-1-not-wf-P05-ibm05n02.xml	unsupported	xml-1.1
not-wf	ibm-1-1-not-wf-P05-ibm05n03.xml	unsupported	xml-1.1
not-wf	ibm-1-1-not-wf-P05-ibm05n04.xml	unsupported	xml-1.1
not-wf	ibm-1-1-not-wf-P05-ibm05n05.xml	unsupported	xml-1.1
not-wf	ibm-1-1-not-wf-P05-ibm05n06.xml	unsupported	xml-1.1
not-wf	ibm-1-1-not-wf-P77-ibm77n01.xml	unsupported	xml-1.1
not-wf	ibm-1-1-not-wf-P77-ibm77n02.xml	unsupported	xml-1.1
not-wf	ibm-1-1-not-wf-P77-ibm77n03.xml	unsupported	xml-1.1
not-wf	ibm-1-1-not-wf-P77-ibm77n04.xml	unsupported	xml-1.1
not-wf	ibm-1-1-not-wf-P77-ibm77n05.xml	unsupported	xml-1.1
not-wf	ibm-1-1-not-wf-P77-ibm77n06.xml	unsupported	xml-1.1
not-wf	ibm-1-1-not-wf-P77-ibm77n07.xml	unsupported	xml-1.1
not-wf	ibm-1-1-not-wf-P77-ibm77n08.xml	unsupported	xml-1.1
not-wf	ibm-1-1-not-wf-P77-ibm77n09.xml	unsupported	xml-1.1
not-wf	ibm-1-1-not-wf-P77-ibm77n10.xml	unsupported	xml-1.1
not-wf	ibm-1-1-not-wf-P77-ibm77n11.xml	unsupported	xml-1.1
not-wf	ibm-1-1-not-wf-P77-ibm77n12.xml	unsupported	xml-1.1
not-wf	ibm-1-1-not-wf-P77-ibm77n13.xml	unsupported	xml-1.1
not-wf	ibm-1-1-not-wf-P77-ibm77n14.xml	unsupported	xml-1.1
not-wf	ibm-1-1-not-wf-P77-ibm77n15.xml	unsupported	xml-1.1
not-wf	ibm-1-1-not-wf-P77-ibm77n16.xml	unsupported	xml-1.1
not-wf	ibm-1-1-not-wf-P77-ibm77n17.xml	unsupported	xml-1.1
not-wf	ibm-1-1-not-wf-P77-ibm77n18.xml	unsupported	xml-1.1
not-wf	ibm-1-1-not-wf-P77-ibm77n19.xml	unsupported	xml-1.1
not-wf	ibm-1-1-not-wf-P77-ibm77n20.xml	unsupported	xml-1.1
not-wf	ibm-1-1-not-wf-P77-ibm77n21.xml	unsupported	xml-1.1
not-wf	ibm-not-wf-P01-ibm01n01.xml	fail	parser accepted not-well-formed input
not-wf	ibm-not-wf-P01-ibm01n02.xml	fail	parser accepted not-well-formed input
not-wf	ibm-not-wf-P01-ibm01n03.xml	fail	parser accepted not-well-formed input
not-wf	ibm-not-wf-P02-ibm02n30.xml	fail	utf8 error: invalid utf-8 sequence of 1 bytes from index 30
not-wf	ibm-not-wf-P02-ibm02n31.xml	fail	utf8 error: invalid utf-8 sequence of 1 bytes from index 30
not-wf	ibm-not-wf-P09-ibm09n01.xml	fail	parser accepted not-well-formed input
not-wf	ibm-not-wf-P09-ibm09n02.xml	fail	parser accepted not-well-formed input
not-wf	ibm-not-wf-P09-ibm09n03.xml	fail	parser accepted not-well-formed input
not-wf	ibm-not-wf-P10-ibm10n01.xml	fail	parser accepted not-well-formed input
not-wf	ibm-not-wf-P10-ibm10n05.xml	fail	parser accepted not-well-formed input
not-wf	ibm-not-wf-P11-ibm11n01.xml	fail	parser accepted not-well-formed input
not-wf	ibm-not-wf-P11-ibm11n02.xml	fail	parser accepted not-well-formed input
not-wf	ibm-not-wf-P11-ibm11n03.xml	fail	parser accepted not-well-formed input
not-wf	ibm-not-wf-P11-ibm11n04.xml	fail	parser accepted not-well-formed input
not-wf	ibm-not-wf-P14-ibm14n01.xml	fail	parser accepted not-well-formed input
not-wf	ibm-not-wf-P16-ibm16n01.xml	fail	parser accepted not-well-formed input
not-wf	ibm-not-wf-P16-ibm16n02.xml	fail	parser accepted not-well-formed input
not-wf	ibm-not-wf-P17-ibm17n01.xml	fail	parser accepted not-well-formed input
not-wf	ibm-not-wf-P17-ibm17n02.xml	fail	parser accepted not-well-formed input
not-wf	ibm-not-wf-P17-ibm17n03.xml	fail	parser accepted not-well-formed input
not-wf	ibm-not-wf-P17-ibm17n04.xml	fail	parser accepted not-well-formed input
not-wf	ibm-not-wf-P22-ibm22n01.xml	fail	parser accepted not-well-formed input
not-wf	ibm-not-wf-P22-ibm22n02.xml	fail	parser accepted not-well-formed input
not-wf	ibm-not-wf-P22-ibm22n03.xml	fail	parser accepted not-well-formed input
not-wf	ibm-not-wf-P23-ibm23n01.xml	fail	parser accepted not-well-formed input
not-wf	ibm-not-wf-P23-ibm23n02.xml	fail	parser accepted not-well-formed input
not-wf	ibm-not-wf-P23-ibm23n03.xml	fail	parser accepted not-well-formed input
not-wf	ibm-not-wf-P23-ibm23n04.xml	fail	parser accepted not-well-formed input
not-wf	ibm-not-wf-P24-ibm24n01.xml	fail	parser accepted not-well-formed input
not-wf	ibm-not-wf-P24-ibm24n02.xml	fail	parser accepted not-well-formed input
not-wf	ibm-not-wf-P24-ibm24n03.xml	fail	parser accepted not-well-formed input
not-wf	ibm-not-wf-P24-ibm24n04.xml	fail	parser accepted not-well-formed input
not-wf	ibm-not-wf-P24-ibm24n05.xml	fail	parser accepted not-well-formed input
not-wf	ibm-not-wf-P24-ibm24n06.xml	fail	parser accepted not-well-formed input
not-wf	ibm-not-wf-P24-ibm24n07.xml	fail	parser accepted not-well-formed input
not-wf	ibm-not-wf-P24-ibm24n08.xml	fail	parser accepted not-well-formed input
not-wf	ibm-not-wf-P24-ibm24n09.xml	fail	parser accepted not-well-formed input
not-wf	ibm-not-wf-P25-ibm25n01.xml	fail	parser accepted not-well-formed input
not-wf	ibm-not-wf-P25-ibm25n02.xml	fail	parser accepted not-well-formed input
not-wf	ibm-not-wf-P26-ibm26n01.xml	fail	parser accepted not-well-formed input
not-wf	ibm-not-wf-P28-ibm28n01.xml	fail	parser accepted not-well-formed input
not-wf	ibm-not-wf-P28-ibm28n02.xml	fail	parser accepted not-well-formed input
not-wf	ibm-not-wf-P28-ibm28n03.xml	fail	parser accepted not-well-formed input
not-wf	ibm-not-wf-P28-ibm28n05.xml	fail	parser accepted not-well-formed input
not-wf	ibm-not-wf-P28-ibm28n06.xml	fail	parser accepted not-well-formed input
not-wf	ibm-not-wf-P28-ibm28n07.xml	fail	parser accepted not-well-formed input
not-wf	ibm-not-wf-P29-ibm29n01.xml	fail	parser accepted not-well-formed input
not-wf	ibm-not-wf-P29-ibm29n03.xml	fail	parser accepted not-well-formed input
not-wf	ibm-not-wf-P29-ibm29n04.xml	fail	parser accepted not-well-formed input
not-wf	ibm-not-wf-P29-ibm29n07.xml	fail	parser accepted not-well-formed input
not-wf	ibm-not-wf-P30-ibm30n01.xml	fail	parser accepted not-well-formed input
not-wf	ibm-not-wf-P31-ibm31n01.xml	fail	parser accepted not-well-formed input
not-wf	ibm-not-wf-P32-ibm32n01.xml	fail	parser accepted not-well-formed input
not-wf	ibm-not-wf-P32-ibm32n02.xml	fail	parser accepted not-well-formed input
not-wf	ibm-not-wf-P32-ibm32n03.xml	fail	parser accepted not-well-formed input
not-wf	ibm-not-wf-P32-ibm32n04.xml	fail	parser accepted not-well-formed input
not-wf	ibm-not-wf-P32-ibm32n05.xml	fail	parser accepted not-well-formed input
not-wf	ibm-not-wf-P32-ibm32n06.xml	fail	parser accepted not-well-formed input
not-wf	ibm-not-wf-P32-ibm32n07.xml	fail	parser accepted not-well-formed input
not-wf	ibm-not-wf-P32-ibm32n08.xml	fail	parser accepted not-well-formed input
not-wf	ibm-not-wf-P39-ibm39n01.xml	fail	parser accepted not-well-formed input
not-wf	ibm-not-wf-P39-ibm39n03.xml	fail	parser accepted not-well-formed input
not-wf	ibm-not-wf-P39-ibm39n06.xml	fail	parser accepted not-well-formed input
not-wf	ibm-not-wf-P41-ibm41n11.xml	fail	parser accepted not-well-formed input
not-wf	ibm-not-wf-P41-ibm41n13.xml	fail	parser accepted not-well-formed input
not-wf	ibm-not-wf-P41-ibm41n14.xml	fail	parser accepted not-well-formed input
not-wf	ibm-not-wf-P42-ibm42n03.xml	fail	parser accepted not-well-formed input
not-wf	ibm-not-wf-P45-ibm45n01.xml	fail	parser accepted not-well-formed input
not-wf	ibm-not-wf-P45-ibm45n02.xml	fail	parser accepted not-well-formed input
not-wf	ibm-not-wf-P45-ibm45n03.xml	fail	parser accepted not-well-formed input
not-wf	ibm-not-wf-P45-ibm45n04.xml	fail	parser accepted not-well-formed input
not-wf	ibm-not-wf-P45-ibm45n05.xml	fail	parser accepted not-well-formed input
not-wf	ibm-not-wf-P45-ibm45n06.xml	fail	parser accepted not-well-formed input
not-wf	ibm-not-wf-P45-ibm45n07.xml	fail	parser accepted not-well-formed input
not-wf	ibm-not-wf-P45-ibm45n08.xml	fail	parser accepted not-well-formed input
not-wf	ibm-not-wf-P45-ibm45n09.xml	fail	parser accepted not-well-formed input
not-wf	ibm-not-wf-P46-ibm46n01.xml	fail	parser accepted not-well-formed input
not-wf	ibm-not-wf-P46-ibm46n02.xml	fail	parser accepted not-well-formed input
not-wf	ibm-not-wf-P46-ibm46n03.xml	fail	parser accepted not-well-formed input
not-wf	ibm-not-wf-P46-ibm46n04.xml	fail	parser accepted not-well-formed input
not-wf	ibm-not-wf-P46-ibm46n05.xml	fail	parser accepted not-well-formed input
not-wf	ibm-not-wf-P47-ibm47n01.xml	fail	parser accepted not-well-formed input
not-wf	ibm-not-wf-P47-ibm47n02.xml	fail	parser accepted not-well-formed input
not-wf	ibm-not-wf-P47-ibm47n03.xml	fail	parser accepted not-well-formed input
not-wf	ibm-not-wf-P47-ibm47n04.xml	fail	parser accepted not-well-formed input
not-wf	ibm-not-wf-P47-ibm47n05.xml	fail	parser accepted not-well-formed input
not-wf	ibm-not-wf-P47-ibm47n06.xml	fail	parser accepted not-well-formed input
not-wf	ibm-not-wf-P48-ibm48n01.xml	fail	parser accepted not-well-formed input
not-wf	ibm-not-wf-P48-ibm48n02.xml	fail	parser accepted not-well-formed input
not-wf	ibm-not-wf-P48-ibm48n03.xml	fail	parser accepted not-well-formed input
not-wf	ibm-not-wf-P48-ibm48n04.xml	fail	parser accepted not-well-formed input
not-wf	ibm-not-wf-P48-ibm48n05.xml	fail	parser accepted not-well-formed input
not-wf	ibm-not-wf-P48-ibm48n06.xml	fail	parser accepted not-well-formed input
not-wf	ibm-not-wf-P48-ibm48n07.xml	fail	parser accepted not-well-formed input
not-wf	ibm-not-wf-P49-ibm49n01.xml	fail	parser accepted not-well-formed input
not-wf	ibm-not-wf-P49-ibm49n02.xml	fail	parser accepted not-well-formed input
not-wf	ibm-not-wf-P49-ibm49n03.xml	fail	parser accepted not-well-formed input
not-wf	ibm-not-wf-P49-ibm49n04.xml	fail	parser accepted not-well-formed input
not-wf	ibm-not-wf-P49-ibm49n05.xml	fail	parser accepted not-well-formed input
not-wf	ibm-not-wf-P49-ibm49n06.xml	fail	parser accepted not-well-formed input
not-wf	ibm-not-wf-P50-ibm50n01.xml	fail	parser accepted not-well-formed input
not-wf	ibm-not-wf-P50-ibm50n02.xml	fail	parser accepted not-well-formed input
not-wf	ibm-not-wf-P50-ibm50n03.xml	fail	parser accepted not-well-formed input
not-wf	ibm-not-wf-P50-ibm50n04.xml	fail	parser accepted not-well-formed input
not-wf	ibm-not-wf-P50-ibm50n05.xml	fail	parser accepted not-well-formed input
not-wf	ibm-not-wf-P50-ibm50n06.xml	fail	parser accepted not-well-formed input
not-wf	ibm-not-wf-P50-ibm50n07.xml	fail	parser accepted not-well-formed input
not-wf	ibm-not-wf-P51-ibm51n01.xml	fail	parser accepted not-well-formed input
not-wf	ibm-not-wf-P51-ibm51n02.xml	fail	parser accepted not-well-formed input
not-wf	ibm-not-wf-P51-ibm51n03.xml	fail	parser accepted not-well-formed input
not-wf	ibm-not-wf-P51-ibm51n04.xml	fail	parser accepted not-well-formed input
not-wf	ibm-not-wf-P51-ibm51n05.xml	fail	parser accepted not-well-formed input
not-wf	ibm-not-wf-P51-ibm51n06.xml	fail	parser accepted not-well-formed input
not-wf	ibm-not-wf-P51-ibm51n07.xml	fail	parser accepted not-well-formed input
not-wf	ibm-not-wf-P52-ibm52n01.xml	fail	parser accepted not-well-formed input
not-wf	ibm-not-wf-P52-ibm52n02.xml	fail	parser accepted not-well-formed input
not-wf	ibm-not-wf-P52-ibm52n03.xml	fail	parser accepted not-well-formed input
not-wf	ibm-not-wf-P52-ibm52n04.xml	fail	parser accepted not-well-formed input
not-wf	ibm-not-wf-P52-ibm52n06.xml	fail	parser accepted not-well-formed input
not-wf	ibm-not-wf-P53-ibm53n01.xml	fail	parser accepted not-well-formed input
not-wf	ibm-not-wf-P53-ibm53n02.xml	fail	parser accepted not-well-formed input
not-wf	ibm-not-wf-P53-ibm53n03.xml	fail	parser accepted not-well-formed input
not-wf	ibm-not-wf-P53-ibm53n04.xml	fail	parser accepted not-well-formed input
not-wf	ibm-not-wf-P53-ibm53n05.xml	fail	parser accepted not-well-formed input
not-wf	ibm-not-wf-P53-ibm53n06.xml	fail	parser accepted not-well-formed input
not-wf	ibm-not-wf-P53-ibm53n07.xml	fail	parser accepted not-well-formed input
not-wf	ibm-not-wf-P53-ibm53n08.xml	fail	parser accepted not-well-formed input
not-wf	ibm-not-wf-P54-ibm54n01.xml	fail	parser accepted not-well-formed input
not-wf	ibm-not-wf-P54-ibm54n02.xml	fail	parser accepted not-well-formed input
not-wf	ibm-not-wf-P55-ibm55n01.xml	fail	parser accepted not-well-formed input
not-wf	ibm-not-wf-P55-ibm55n02.xml	fail	parser accepted not-well-formed input
not-wf	ibm-not-wf-P55-ibm55n03.xml	fail	parser accepted not-well-formed input
not-wf	ibm-not-wf-P56-ibm56n01.xml	fail	parser accepted not-well-formed input
not-wf	ibm-not-wf-P56-ibm56n02.xml	fail	parser accepted not-well-formed input
not-wf	ibm-not-wf-P56-ibm56n03.xml	fail	parser accepted not-well-formed input
not-wf	ibm-not-wf-P56-ibm56n04.xml	fail	parser accepted not-well-formed input
not-wf	ibm-not-wf-P56-ibm56n05.xml	fail	parser accepted not-well-formed input
not-wf	ibm-not-wf-P56-ibm56n06.xml	fail	parser accepted not-well-formed input
not-wf	ibm-not-wf-P56-ibm56n07.xml	fail	parser accepted not-well-formed input
not-wf	ibm-not-wf-P57-ibm57n01.xml	fail	parser accepted not-well-formed input
not-wf	ibm-not-wf-P58-ibm58n01.xml	fail	parser accepted not-well-formed input
not-wf	ibm-not-wf-P58-ibm58n02.xml	fail	parser accepted not-well-formed input
not-wf	ibm-not-wf-P58-ibm58n03.xml	fail	parser accepted not-well-formed input
not-wf	ibm-not-wf-P58-ibm58n04.xml	fail	parser accepted not-well-formed input
not-wf	ibm-not-wf-P58-ibm58n05.xml	fail	parser accepted not-well-formed input
not-wf	ibm-not-wf-P58-ibm58n06.xml	fail	parser accepted not-well-formed input
not-wf	ibm-not-wf-P58-ibm58n07.xml	fail	parser accepted not-well-formed input
not-wf	ibm-not-wf-P58-ibm58n08.xml	fail	parser accepted not-well-formed input
not-wf	ibm-not-wf-P59-ibm59n01.xml	fail	parser accepted not-well-formed input
not-wf	ibm-not-wf-P59-ibm59n02.xml	fail	parser accepted not-well-formed input
not-wf	ibm-not-wf-P59-ibm59n03.xml	fail	parser accepted not-well-formed input
not-wf	ibm-not-wf-P59-ibm59n04.xml	fail	parser accepted not-well-formed input
not-wf	ibm-not-wf-P59-ibm59n05.xml	fail	parser accepted not-well-formed input
not-wf	ibm-not-wf-P59-ibm59n06.xml	fail	parser accepted not-well-formed input
not-wf	ibm-not-wf-P60-ibm60n01.xml	fail	parser accepted not-well-formed input
not-wf	ibm-not-wf-P60-ibm60n02.xml	fail	parser accepted not-well-formed input
not-wf	ibm-not-wf-P60-ibm60n03.xml	fail	parser accepted not-well-formed input
not-wf	ibm-not-wf-P60-ibm60n04.xml	fail	parser accepted not-well-formed input
not-wf	ibm-not-wf-P60-ibm60n05.xml	fail	parser accepted not-well-formed input
not-wf	ibm-not-wf-P60-ibm60n06.xml	fail	parser accepted not-well-formed input
not-wf	ibm-not-wf-P60-ibm60n08.xml	fail	parser accepted not-well-formed input
not-wf	ibm-not-wf-P61-ibm61n01.xml	fail	parser accepted not-well-formed input
not-wf	ibm-not-wf-P62-ibm62n01.xml	fail	parser accepted not-well-formed input
not-wf	ibm-not-wf-P62-ibm62n02.xml	fail	parser accepted not-well-formed input
not-wf	ibm-not-wf-P62-ibm62n03.xml	fail	parser accepted not-well-formed input
not-wf	ibm-not-wf-P62-ibm62n04.xml	fail	parser accepted not-well-formed input
not-wf	ibm-not-wf-P62-ibm62n05.xml	fail	parser accepted not-well-formed input
not-wf	ibm-not-wf-P62-ibm62n06.xml	fail	parser accepted not-well-formed input
not-wf	ibm-not-wf-P62-ibm62n07.xml	fail	parser accepted not-well-formed input
not-wf	ibm-not-wf-P62-ibm62n08.xml	fail	parser accepted not-well-formed input
not-wf	ibm-not-wf-P63-ibm63n01.xml	fail	parser accepted not-well-formed input
not-wf	ibm-not-wf-P63-ibm63n02.xml	fail	parser accepted not-well-formed input
not-wf	ibm-not-wf-P63-ibm63n03.xml	fail	parser accepted not-well-formed input
not-wf	ibm-not-wf-P63-ibm63n04.xml	fail	parser accepted not-well-formed input
not-wf	ibm-not-wf-P63-ibm63n05.xml	fail	parser accepted not-well-formed input
not-wf	ibm-not-wf-P63-ibm63n06.xml	fail	parser accepted not-well-formed input
not-wf	ibm-not-wf-P63-ibm63n07.xml	fail	parser accepted not-well-formed input
not-wf	ibm-not-wf-P64-ibm64n01.xml	fail	parser accepted not-well-formed input
not-wf	ibm-not-wf-P64-ibm64n02.xml	fail	parser accepted not-well-formed input
not-wf	ibm-not-wf-P64-ibm64n03.xml	fail	parser accepted not-well-formed input
not-wf	ibm-not-wf-P65-ibm65n01.xml	fail	parser accepted not-well-formed input
not-wf	ibm-not-wf-P65-ibm65n02.xml	fail	parser accepted not-well-formed input
not-wf	ibm-not-wf-P66-ibm66n01.xml	fail	parser accepted not-well-formed input
not-wf	ibm-not-wf-P66-ibm66n03.xml	fail	parser accepted not-well-formed input
not-wf	ibm-not-wf-P66-ibm66n05.xml	fail	parser accepted not-well-formed input
not-wf	ibm-not-wf-P66-ibm66n07.xml	fail	parser accepted not-well-formed input
not-wf	ibm-not-wf-P66-ibm66n09.xml	fail	parser accepted not-well-formed input
not-wf	ibm-not-wf-P66-ibm66n11.xml	fail	parser accepted not-well-formed input
not-wf	ibm-not-wf-P66-ibm66n13.xml	fail	parser accepted not-well-formed input
not-wf	ibm-not-wf-P66-ibm66n14.xml	fail	parser accepted not-well-formed input
not-wf	ibm-not-wf-P66-ibm66n15.xml	fail	parser accepted not-well-formed input
not-wf	ibm-not-wf-P68-ibm68n07.xml	fail	parser accepted not-well-formed input
not-wf	ibm-not-wf-P68-ibm68n09.xml	fail	parser accepted not-well-formed input
not-wf	ibm-not-wf-P68-ibm68n10.xml	fail	parser accepted not-well-formed input
not-wf	ibm-not-wf-P69-ibm69n01.xml	fail	parser accepted not-well-formed input
not-wf	ibm-not-wf-P69-ibm69n02.xml	fail	parser accepted not-well-formed input
not-wf	ibm-not-wf-P69-ibm69n03.xml	fail	parser accepted not-well-formed input
not-wf	ibm-not-wf-P69-ibm69n04.xml	fail	parser accepted not-well-formed input
not-wf	ibm-not-wf-P69-ibm69n06.xml	fail	parser accepted not-well-formed input
not-wf	ibm-not-wf-P69-ibm69n07.xml	fail	parser accepted not-well-formed input
not-wf	ibm-not-wf-P71-ibm70n01.xml	fail	parser accepted not-well-formed input
not-wf	ibm-not-wf-P71-ibm71n01.xml	fail	parser accepted not-well-formed input
not-wf	ibm-not-wf-P72-ibm72n01.xml	fail	parser accepted not-well-formed input
not-wf	ibm-not-wf-P72-ibm72n02.xml	fail	parser accepted not-well-formed input
not-wf	ibm-not-wf-P72-ibm72n03.xml	fail	parser accepted not-well-formed input
not-wf	ibm-not-wf-P72-ibm72n04.xml	fail	parser accepted not-well-formed input
not-wf	ibm-not-wf-P72-ibm72n05.xml	fail	parser accepted not-well-formed input
not-wf	ibm-not-wf-P72-ibm72n06.xml	fail	parser accepted not-well-formed input
not-wf	ibm-not-wf-P72-ibm72n07.xml	fail	parser accepted not-well-formed input
not-wf	ibm-not-wf-P72-ibm72n09.xml	fail	parser accepted not-well-formed input
not-wf	ibm-not-wf-P73-ibm73n01.xml	fail	parser accepted not-well-formed input
not-wf	ibm-not-wf-P73-ibm73n03.xml	fail	parser accepted not-well-formed input
not-wf	ibm-not-wf-P74-ibm74n01.xml	fail	parser accepted not-well-formed input
not-wf	ibm-not-wf-P75-ibm75n01.xml	fail	parser accepted not-well-formed input
not-wf	ibm-not-wf-P75-ibm75n02.xml	fail	parser accepted not-well-formed input
not-wf	ibm-not-wf-P75-ibm75n03.xml	fail	parser accepted not-well-formed input
not-wf	ibm-not-wf-P75-ibm75n04.xml	fail	parser accepted not-well-formed input
not-wf	ibm-not-wf-P75-ibm75n05.xml	fail	parser accepted not-well-formed input
not-wf	ibm-not-wf-P75-ibm75n06.xml	fail	parser accepted not-well-formed input
not-wf	ibm-not-wf-P75-ibm75n07.xml	fail	parser accepted not-well-formed input
not-wf	ibm-not-wf-P75-ibm75n08.xml	fail	parser accepted not-well-formed input
not-wf	ibm-not-wf-P75-ibm75n09.xml	fail	parser accepted not-well-formed input
not-wf	ibm-not-wf-P75-ibm75n10.xml	fail	parser accepted not-well-formed input
not-wf	ibm-not-wf-P75-ibm75n11.xml	fail	parser accepted not-well-formed input
not-wf	ibm-not-wf-P75-ibm75n12.xml	fail	parser accepted not-well-formed input
not-wf	ibm-not-wf-P75-ibm75n13.xml	fail	parser accepted not-well-formed input
not-wf	ibm-not-wf-P76-ibm76n01.xml	fail	parser accepted not-well-formed input
not-wf	ibm-not-wf-P76-ibm76n02.xml	fail	parser accepted not-well-formed input
not-wf	ibm-not-wf-P76-ibm76n03.xml	fail	parser accepted not-well-formed input
not-wf	ibm-not-wf-P76-ibm76n04.xml	fail	parser accepted not-well-formed input
not-wf	ibm-not-wf-P76-ibm76n05.xml	fail	parser accepted not-well-formed input
not-wf	ibm-not-wf-P76-ibm76n06.xml	fail	parser accepted not-well-formed input
not-wf	ibm-not-wf-P76-ibm76n07.xml	fail	parser accepted not-well-formed input
not-wf	ibm-not-wf-P77-ibm77n03.xml	fail	parser accepted not-well-formed input
not-wf	ibm-not-wf-P77-ibm77n04.xml	fail	parser accepted not-well-formed input
not-wf	ibm-not-wf-P79-ibm79n01.xml	fail	parser accepted not-well-formed input
not-wf	ibm-not-wf-P79-ibm79n02.xml	fail	parser accepted not-well-formed input
not-wf	ibm-not-wf-P80-ibm80n01.xml	fail	parser accepted not-well-formed input
not-wf	ibm-not-wf-P80-ibm80n02.xml	fail	parser accepted not-well-formed input
not-wf	ibm-not-wf-P80-ibm80n03.xml	fail	parser accepted not-well-formed input
not-wf	ibm-not-wf-P80-ibm80n04.xml	fail	parser accepted not-well-formed input
not-wf	ibm-not-wf-P80-ibm80n05.xml	fail	parser accepted not-well-formed input
not-wf	ibm-not-wf-P80-ibm80n06.xml	fail	parser accepted not-well-formed input
not-wf	ibm-not-wf-P81-ibm81n01.xml	unsupported	encoding: _UTF-8
not-wf	ibm-not-wf-P81-ibm81n02.xml	unsupported	encoding: -UTF-8
not-wf	ibm-not-wf-P81-ibm81n03.xml	unsupported	encoding: .UTF-8
not-wf	ibm-not-wf-P81-ibm81n04.xml	unsupported	encoding: 8-UTF
not-wf	ibm-not-wf-P81-ibm81n05.xml	unsupported	encoding: UTF~8
not-wf	ibm-not-wf-P81-ibm81n06.xml	unsupported	encoding: UTF#8
not-wf	ibm-not-wf-P81-ibm81n07.xml	unsupported	encoding: UTF:8
not-wf	ibm-not-wf-P81-ibm81n08.xml	unsupported	encoding: UTF/8
not-wf	ibm-not-wf-P81-ibm81n09.xml	unsupported	encoding: UTF;8
not-wf	ibm-not-wf-P82-ibm82n01.xml	fail	parser accepted not-well-formed input
not-wf	ibm-not-wf-P82-ibm82n02.xml	fail	parser accepted not-well-formed input
not-wf	ibm-not-wf-P82-ibm82n03.xml	fail	parser accepted not-well-formed input
not-wf	ibm-not-wf-P82-ibm82n04.xml	fail	parser accepted not-well-formed input
not-wf	ibm-not-wf-P82-ibm82n05.xml	fail	parser accepted not-well-formed input
not-wf	ibm-not-wf-P82-ibm82n07.xml	fail	parser accepted not-well-formed input
not-wf	ibm-not-wf-P82-ibm82n08.xml	fail	parser accepted not-well-formed input
not-wf	ibm-not-wf-P83-ibm83n01.xml	fail	parser accepted not-well-formed input
not-wf	ibm-not-wf-P83-ibm83n02.xml	fail	parser accepted not-well-formed input
not-wf	ibm-not-wf-P83-ibm83n03.xml	fail	parser accepted not-well-formed input
not-wf	ibm-not-wf-P83-ibm83n04.xml	fail	parser accepted not-well-formed input
not-wf	ibm-not-wf-P83-ibm83n05.xml	fail	parser accepted not-well-formed input
not-wf	ibm-not-wf-P83-ibm83n06.xml	fail	parser accepted not-well-formed input
not-wf	ibm-not-wf-P85-ibm85n01.xml	fail	parser accepted not-well-formed input
not-wf	ibm-not-wf-P85-ibm85n02.xml	fail	parser accepted not-well-formed input
not-wf	ibm-not-wf-P85-ibm85n03.xml	fail	parser accepted not-well-formed input
not-wf	ibm-not-wf-P85-ibm85n04.xml	fail	parser accepted not-well-formed input
not-wf	ibm-not-wf-P85-ibm85n05.xml	fail	parser accepted not-well-formed input
not-wf	ibm-not-wf-P85-ibm85n06.xml	fail	parser accepted not-well-formed input
not-wf	ibm-not-wf-P85-ibm85n07.xml	fail	parser accepted not-well-formed input
not-wf	ibm-not-wf-P85-ibm85n08.xml	fail	parser accepted not-well-formed input
not-wf	ibm-not-wf-P85-ibm85n09.xml	fail	parser accepted not-well-formed input
not-wf	ibm-not-wf-P85-ibm85n10.xml	fail	parser accepted not-well-formed input
not-wf	ibm-not-wf-P85-ibm85n100.xml	fail	parser accepted not-well-formed input
not-wf	ibm-not-wf-P85-ibm85n101.xml	fail	parser accepted not-well-formed input
not-wf	ibm-not-wf-P85-ibm85n102.xml	fail	parser accepted not-well-formed input
not-wf	ibm-not-wf-P85-ibm85n103.xml	fail	parser accepted not-well-formed input
not-wf	ibm-not-wf-P85-ibm85n104.xml	fail	parser accepted not-well-formed input
not-wf	ibm-not-wf-P85-ibm85n105.xml	fail	parser accepted not-well-formed input
not-wf	ibm-not-wf-P85-ibm85n106.xml	fail	parser accepted not-well-formed input
not-wf	ibm-not-wf-P85-ibm85n107.xml	fail	parser accepted not-well-formed input
not-wf	ibm-not-wf-P85-ibm85n108.xml	fail	parser accepted not-well-formed input
not-wf	ibm-not-wf-P85-ibm85n109.xml	fail	parser accepted not-well-formed input
not-wf	ibm-not-wf-P85-ibm85n11.xml	fail	parser accepted not-well-formed input
not-wf	ibm-not-wf-P85-ibm85n110.xml	fail	parser accepted not-well-formed input
not-wf	ibm-not-wf-P85-ibm85n111.xml	fail	parser accepted not-well-formed input
not-wf	ibm-not-wf-P85-ibm85n112.xml	fail	parser accepted not-well-formed input
not-wf	ibm-not-wf-P85-ibm85n113.xml	fail	parser accepted not-well-formed input
not-wf	ibm-not-wf-P85-ibm85n114.xml	fail	parser accepted not-well-formed input
not-wf	ibm-not-wf-P85-ibm85n115.xml	fail	parser accepted not-well-formed input
not-wf	ibm-not-wf-P85-ibm85n116.xml	fail	parser accepted not-well-formed input
not-wf	ibm-not-wf-P85-ibm85n117.xml	fail	parser accepted not-well-formed input
not-wf	ibm-not-wf-P85-ibm85n118.xml	fail	parser accepted not-well-formed input
not-wf	ibm-not-wf-P85-ibm85n119.xml	fail	parser accepted not-well-formed input
not-wf	ibm-not-wf-P85-ibm85n12.xml	fail	parser accepted not-well-formed input
not-wf	ibm-not-wf-P85-ibm85n120.xml	fail	parser accepted not-well-formed input
not-wf	ibm-not-wf-P85-ibm85n121.xml	fail	parser accepted not-well-formed input
not-wf	ibm-not-wf-P85-ibm85n122.xml	fail	parser accepted not-well-formed input
not-wf	ibm-not-wf-P85-ibm85n123.xml	fail	parser accepted not-well-formed input
not-wf	ibm-not-wf-P85-ibm85n124.xml	fail	parser accepted not-well-formed input
not-wf	ibm-not-wf-P85-ibm85n125.xml	fail	parser accepted not-well-formed input
not-wf	ibm-not-wf-P85-ibm85n126.xml	fail	parser accepted not-well-formed input
not-wf	ibm-not-wf-P85-ibm85n127.xml	fail	parser accepted not-well-formed input
not-wf	ibm-not-wf-P85-ibm85n128.xml	fail	parser accepted not-well-formed input
not-wf	ibm-not-wf-P85-ibm85n129.xml	fail	parser accepted not-well-formed input
not-wf	ibm-not-wf-P85-ibm85n13.xml	fail	parser accepted not-well-formed input
not-wf	ibm-not-wf-P85-ibm85n130.xml	fail	parser accepted not-well-formed input
not-wf	ibm-not-wf-P85-ibm85n131.xml	fail	parser accepted not-well-formed input
not-wf	ibm-not-wf-P85-ibm85n132.xml	fail	parser accepted not-well-formed input
not-wf	ibm-not-wf-P85-ibm85n133.xml	fail	parser accepted not-well-formed input
not-wf	ibm-not-wf-P85-ibm85n134.xml	fail	parser accepted not-well-formed input
not-wf	ibm-not-wf-P85-ibm85n135.xml	fail	parser accepted not-well-formed input
not-wf	ibm-not-wf-P85-ibm85n136.xml	fail	parser accepted not-well-formed input
not-wf	ibm-not-wf-P85-ibm85n137.xml	fail	parser accepted not-well-formed input
not-wf	ibm-not-wf-P85-ibm85n138.xml	fail	parser accepted not-well-formed input
not-wf	ibm-not-wf-P85-ibm85n139.xml	fail	parser accepted not-well-formed input
not-wf	ibm-not-wf-P85-ibm85n14.xml	fail	parser accepted not-well-formed input
not-wf	ibm-not-wf-P85-ibm85n140.xml	fail	parser accepted not-well-formed input
not-wf	ibm-not-wf-P85-ibm85n141.xml	fail	parser accepted not-well-formed input
not-wf	ibm-not-wf-P85-ibm85n142.xml	fail	parser accepted not-well-formed input
not-wf	ibm-not-wf-P85-ibm85n143.xml	fail	parser accepted not-well-formed input
not-wf	ibm-not-wf-P85-ibm85n144.xml	fail	parser accepted not-well-formed input
not-wf	ibm-not-wf-P85-ibm85n145.xml	fail	parser accepted not-well-formed input
not-wf	ibm-not-wf-P85-ibm85n146.xml	fail	parser accepted not-well-formed input
not-wf	ibm-not-wf-P85-ibm85n147.xml	fail	parser accepted not-well-formed input
not-wf	ibm-not-wf-P85-ibm85n148.xml	fail	parser accepted not-well-formed input
not-wf	ibm-not-wf-P85-ibm85n149.xml	fail	parser accepted not-well-formed input
not-wf	ibm-not-wf-P85-ibm85n15.xml	fail	parser accepted not-well-formed input
not-wf	ibm-not-wf-P85-ibm85n150.xml	fail	parser accepted not-well-formed input
not-wf	ibm-not-wf-P85-ibm85n151.xml	fail	parser accepted not-well-formed input
not-wf	ibm-not-wf-P85-ibm85n152.xml	fail	parser accepted not-well-formed input
not-wf	ibm-not-wf-P85-ibm85n153.xml	fail	parser accepted not-well-formed input
not-wf	ibm-not-wf-P85-ibm85n154.xml	fail	parser accepted not-well-formed input
not-wf	ibm-not-wf-P85-ibm85n155.xml	fail	parser accepted not-well-formed input
not-wf	ibm-not-wf-P85-ibm85n156.xml	fail	parser accepted not-well-formed input
not-wf	ibm-not-wf-P85-ibm85n157.xml	fail	parser accepted not-well-formed input
not-wf	ibm-not-wf-P85-ibm85n158.xml	fail	parser accepted not-well-formed input
not-wf	ibm-not-wf-P85-ibm85n159.xml	fail	parser accepted not-well-formed input
not-wf	ibm-not-wf-P85-ibm85n16.xml	fail	parser accepted not-well-formed input
not-wf	ibm-not-wf-P85-ibm85n160.xml	fail	parser accepted not-well-formed input
not-wf	ibm-not-wf-P85-ibm85n161.xml	fail	parser accepted not-well-formed input
not-wf	ibm-not-wf-P85-ibm85n162.xml	fail	parser accepted not-well-formed input
not-wf	ibm-not-wf-P85-ibm85n163.xml	fail	parser accepted not-well-formed input
not-wf	ibm-not-wf-P85-ibm85n164.xml	fail	parser accepted not-well-formed input
not-wf	ibm-not-wf-P85-ibm85n165.xml	fail	parser accepted not-well-formed input
not-wf	ibm-not-wf-P85-ibm85n166.xml	fail	parser accepted not-well-formed input
not-wf	ibm-not-wf-P85-ibm85n167.xml	fail	parser accepted not-well-formed input
not-wf	ibm-not-wf-P85-ibm85n168.xml	fail	parser accepted not-well-formed input
not-wf	ibm-not-wf-P85-ibm85n169.xml	fail	parser accepted not-well-formed input
not-wf	ibm-not-wf-P85-ibm85n17.xml	fail	parser accepted not-well-formed input
not-wf	ibm-not-wf-P85-ibm85n170.xml	fail	parser accepted not-well-formed input
not-wf	ibm-not-wf-P85-ibm85n171.xml	fail	parser accepted not-well-formed input
not-wf	ibm-not-wf-P85-ibm85n172.xml	fail	parser accepted not-well-formed input
not-wf	ibm-not-wf-P85-ibm85n173.xml	fail	parser accepted not-well-formed input
not-wf	ibm-not-wf-P85-ibm85n174.xml	fail	parser accepted not-well-formed input
not-wf	ibm-not-wf-P85-ibm85n175.xml	fail	parser accepted not-well-formed input
not-wf	ibm-not-wf-P85-ibm85n176.xml	fail	parser accepted not-well-formed input
not-wf	ibm-not-wf-P85-ibm85n177.xml	fail	parser accepted not-well-formed input
not-wf	ibm-not-wf-P85-ibm85n178.xml	fail	parser accepted not-well-formed input
not-wf	ibm-not-wf-P85-ibm85n179.xml	fail	parser accepted not-well-formed input
not-wf	ibm-not-wf-P85-ibm85n18.xml	fail	parser accepted not-well-formed input
not-wf	ibm-not-wf-P85-ibm85n180.xml	fail	parser accepted not-well-formed input
not-wf	ibm-not-wf-P85-ibm85n181.xml	fail	parser accepted not-well-formed input
not-wf	ibm-not-wf-P85-ibm85n182.xml	fail	parser accepted not-well-formed input
not-wf	ibm-not-wf-P85-ibm85n183.xml	fail	parser accepted not-well-formed input
not-wf	ibm-not-wf-P85-ibm85n184.xml	fail	parser accepted not-well-formed input
not-wf	ibm-not-wf-P85-ibm85n185.xml	fail	parser accepted not-well-formed input
not-wf	ibm-not-wf-P85-ibm85n186.xml	fail	parser accepted not-well-formed input
not-wf	ibm-not-wf-P85-ibm85n187.xml	fail	parser accepted not-well-formed input
not-wf	ibm-not-wf-P85-ibm85n188.xml	fail	parser accepted not-well-formed input
not-wf	ibm-not-wf-P85-ibm85n189.xml	fail	parser accepted not-well-formed input
not-wf	ibm-not-wf-P85-ibm85n19.xml	fail	parser accepted not-well-formed input
not-wf	ibm-not-wf-P85-ibm85n190.xml	fail	parser accepted not-well-formed input
not-wf	ibm-not-wf-P85-ibm85n191.xml	fail	parser accepted not-well-formed input
not-wf	ibm-not-wf-P85-ibm85n192.xml	fail	parser accepted not-well-formed input
not-wf	ibm-not-wf-P85-ibm85n193.xml	fail	parser accepted not-well-formed input
not-wf	ibm-not-wf-P85-ibm85n194.xml	fail	parser accepted not-well-formed input
not-wf	ibm-not-wf-P85-ibm85n195.xml	fail	parser accepted not-well-formed input
not-wf	ibm-not-wf-P85-ibm85n196.xml	fail	parser accepted not-well-formed input
not-wf	ibm-not-wf-P85-ibm85n197.xml	fail	parser accepted not-well-formed input
not-wf	ibm-not-wf-P85-ibm85n198.xml	fail	parser accepted not-well-formed input
not-wf	ibm-not-wf-P85-ibm85n20.xml	fail	parser accepted not-well-formed input
not-wf	ibm-not-wf-P85-ibm85n21.xml	fail	parser accepted not-well-formed input
not-wf	ibm-not-wf-P85-ibm85n22.xml	fail	parser accepted not-well-formed input
not-wf	ibm-not-wf-P85-ibm85n23.xml	fail	parser accepted not-well-formed input
not-wf	ibm-not-wf-P85-ibm85n24.xml	fail	parser accepted not-well-formed input
not-wf	ibm-not-wf-P85-ibm85n25.xml	fail	parser accepted not-well-formed input
not-wf	ibm-not-wf-P85-ibm85n26.xml	fail	parser accepted not-well-formed input
not-wf	ibm-not-wf-P85-ibm85n27.xml	fail	parser accepted not-well-formed input
not-wf	ibm-not-wf-P85-ibm85n28.xml	fail	parser accepted not-well-formed input
not-wf	ibm-not-wf-P85-ibm85n29.xml	fail	parser accepted not-well-formed input
not-wf	ibm-not-wf-P85-ibm85n30.xml	fail	parser accepted not-well-formed input
not-wf	ibm-not-wf-P85-ibm85n31.xml	fail	parser accepted not-well-formed input
not-wf	ibm-not-wf-P85-ibm85n32.xml	fail	parser accepted not-well-formed input
not-wf	ibm-not-wf-P85-ibm85n33.xml	fail	parser accepted not-well-formed input
not-wf	ibm-not-wf-P85-ibm85n34.xml	fail	parser accepted not-well-formed input
not-wf	ibm-not-wf-P85-ibm85n35.xml	fail	parser accepted not-well-formed input
not-wf	ibm-not-wf-P85-ibm85n36.xml	fail	parser accepted not-well-formed input
not-wf	ibm-not-wf-P85-ibm85n37.xml	fail	parser accepted not-well-formed input
not-wf	ibm-not-wf-P85-ibm85n38.xml	fail	parser accepted not-well-formed input
not-wf	ibm-not-wf-P85-ibm85n39.xml	fail	parser accepted not-well-formed input
not-wf	ibm-not-wf-P85-ibm85n40.xml	fail	parser accepted not-well-formed input
not-wf	ibm-not-wf-P85-ibm85n41.xml	fail	parser accepted not-well-formed input
not-wf	ibm-not-wf-P85-ibm85n42.xml	fail	parser accepted not-well-formed input
not-wf	ibm-not-wf-P85-ibm85n43.xml	fail	parser accepted not-well-formed input
not-wf	ibm-not-wf-P85-ibm85n44.xml	fail	parser accepted not-well-formed input
not-wf	ibm-not-wf-P85-ibm85n45.xml	fail	parser accepted not-well-formed input
not-wf	ibm-not-wf-P85-ibm85n46.xml	fail	parser accepted not-well-formed input
not-wf	ibm-not-wf-P85-ibm85n47.xml	fail	parser accepted not-well-formed input
not-wf	ibm-not-wf-P85-ibm85n48.xml	fail	parser accepted not-well-formed input
not-wf	ibm-not-wf-P85-ibm85n49.xml	fail	parser accepted not-well-formed input
not-wf	ibm-not-wf-P85-ibm85n50.xml	fail	parser accepted not-well-formed input
not-wf	ibm-not-wf-P85-ibm85n51.xml	fail	parser accepted not-well-formed input
not-wf	ibm-not-wf-P85-ibm85n52.xml	fail	parser accepted not-well-formed input
not-wf	ibm-not-wf-P85-ibm85n53.xml	fail	parser accepted not-well-formed input
not-wf	ibm-not-wf-P85-ibm85n54.xml	fail	parser accepted not-well-formed input
not-wf	ibm-not-wf-P85-ibm85n55.xml	fail	parser accepted not-well-formed input
not-wf	ibm-not-wf-P85-ibm85n56.xml	fail	parser accepted not-well-formed input
not-wf	ibm-not-wf-P85-ibm85n57.xml	fail	parser accepted not-well-formed input
not-wf	ibm-not-wf-P85-ibm85n58.xml	fail	parser accepted not-well-formed input
not-wf	ibm-not-wf-P85-ibm85n59.xml	fail	parser accepted not-well-formed input
not-wf	ibm-not-wf-P85-ibm85n60.xml	fail	parser accepted not-well-formed input
not-wf	ibm-not-wf-P85-ibm85n61.xml	fail	parser accepted not-well-formed input
not-wf	ibm-not-wf-P85-ibm85n62.xml	fail	parser accepted not-well-formed input
not-wf	ibm-not-wf-P85-ibm85n63.xml	fail	parser accepted not-well-formed input
not-wf	ibm-not-wf-P85-ibm85n64.xml	fail	parser accepted not-well-formed input
not-wf	ibm-not-wf-P85-ibm85n65.xml	fail	parser accepted not-well-formed input
not-wf	ibm-not-wf-P85-ibm85n66.xml	fail	parser accepted not-well-formed input
not-wf	ibm-not-wf-P85-ibm85n67.xml	fail	parser accepted not-well-formed input
not-wf	ibm-not-wf-P85-ibm85n68.xml	fail	parser accepted not-well-formed input
not-wf	ibm-not-wf-P85-ibm85n69.xml	fail	parser accepted not-well-formed input
not-wf	ibm-not-wf-P85-ibm85n70.xml	fail	parser accepted not-well-formed input
not-wf	ibm-not-wf-P85-ibm85n71.xml	fail	parser accepted not-well-formed input
not-wf	ibm-not-wf-P85-ibm85n72.xml	fail	parser accepted not-well-formed input
not-wf	ibm-not-wf-P85-ibm85n73.xml	fail	parser accepted not-well-formed input
not-wf	ibm-not-wf-P85-ibm85n74.xml	fail	parser accepted not-well-formed input
not-wf	ibm-not-wf-P85-ibm85n75.xml	fail	parser accepted not-well-formed input
not-wf	ibm-not-wf-P85-ibm85n76.xml	fail	parser accepted not-well-formed input
not-wf	ibm-not-wf-P85-ibm85n77.xml	fail	parser accepted not-well-formed input
not-wf	ibm-not-wf-P85-ibm85n78.xml	fail	parser accepted not-well-formed input
not-wf	ibm-not-wf-P85-ibm85n79.xml	fail	parser accepted not-well-formed input
not-wf	ibm-not-wf-P85-ibm85n80.xml	fail	parser accepted not-well-formed input
not-wf	ibm-not-wf-P85-ibm85n81.xml	fail	parser accepted not-well-formed input
not-wf	ibm-not-wf-P85-ibm85n82.xml	fail	parser accepted not-well-formed input
not-wf	ibm-not-wf-P85-ibm85n83.xml	fail	parser accepted not-well-formed input
not-wf	ibm-not-wf-P85-ibm85n84.xml	fail	parser accepted not-well-formed input
not-wf	ibm-not-wf-P85-ibm85n85.xml	fail	parser accepted not-well-formed input
not-wf	ibm-not-wf-P85-ibm85n86.xml	fail	parser accepted not-well-formed input
not-wf	ibm-not-wf-P85-ibm85n87.xml	fail	parser accepted not-well-formed input
not-wf	ibm-not-wf-P85-ibm85n88.xml	fail	parser accepted not-well-formed input
not-wf	ibm-not-wf-P85-ibm85n89.xml	fail	parser accepted not-well-formed input
not-wf	ibm-not-wf-P85-ibm85n90.xml	fail	parser accepted not-well-formed input
not-wf	ibm-not-wf-P85-ibm85n91.xml	fail	parser accepted not-well-formed input
not-wf	ibm-not-wf-P85-ibm85n92.xml	fail	parser accepted not-well-formed input
not-wf	ibm-not-wf-P85-ibm85n93.xml	fail	parser accepted not-well-formed input
not-wf	ibm-not-wf-P85-ibm85n94.xml	fail	parser accepted not-well-formed input
not-wf	ibm-not-wf-P85-ibm85n95.xml	fail	parser accepted not-well-formed input
not-wf	ibm-not-wf-P85-ibm85n96.xml	fail	parser accepted not-well-formed input
not-wf	ibm-not-wf-P85-ibm85n97.xml	fail	parser accepted not-well-formed input
not-wf	ibm-not-wf-P85-ibm85n98.xml	fail	parser accepted not-well-formed input
not-wf	ibm-not-wf-P85-ibm85n99.xml	fail	parser accepted not-well-formed input
not-wf	ibm-not-wf-P86-ibm86n01.xml	fail	parser accepted not-well-formed input
not-wf	ibm-not-wf-P86-ibm86n02.xml	fail	parser accepted not-well-formed input
not-wf	ibm-not-wf-P86-ibm86n03.xml	fail	parser accepted not-well-formed input
not-wf	ibm-not-wf-P86-ibm86n04.xml	fail	parser accepted not-well-formed input
not-wf	ibm-not-wf-P87-ibm87n01.xml	fail	parser accepted not-well-formed input
not-wf	ibm-not-wf-P87-ibm87n02.xml	fail	parser accepted not-well-formed input
not-wf	ibm-not-wf-P87-ibm87n03.xml	fail	parser accepted not-well-formed input
not-wf	ibm-not-wf-P87-ibm87n04.xml	fail	parser accepted not-well-formed input
not-wf	ibm-not-wf-P87-ibm87n05.xml	fail	parser accepted not-well-formed input
not-wf	ibm-not-wf-P87-ibm87n06.xml	fail	parser accepted not-well-formed input
not-wf	ibm-not-wf-P87-ibm87n07.xml	fail	parser accepted not-well-formed input
not-wf	ibm-not-wf-P87-ibm87n08.xml	fail	parser accepted not-well-formed input
not-wf	ibm-not-wf-P87-ibm87n09.xml	fail	parser accepted not-well-formed input
not-wf	ibm-not-wf-P87-ibm87n10.xml	fail	parser accepted not-well-formed input
not-wf	ibm-not-wf-P87-ibm87n11.xml	fail	parser accepted not-well-formed input
not-wf	ibm-not-wf-P87-ibm87n12.xml	fail	parser accepted not-well-formed input
not-wf	ibm-not-wf-P87-ibm87n13.xml	fail	parser accepted not-well-formed input
not-wf	ibm-not-wf-P87-ibm87n14.xml	fail	parser accepted not-well-formed input
not-wf	ibm-not-wf-P87-ibm87n15.xml	fail	parser accepted not-well-formed input
not-wf	ibm-not-wf-P87-ibm87n16.xml	fail	parser accepted not-well-formed input
not-wf	ibm-not-wf-P87-ibm87n17.xml	fail	parser accepted not-well-formed input
not-wf	ibm-not-wf-P87-ibm87n18.xml	fail	parser accepted not-well-formed input
not-wf	ibm-not-wf-P87-ibm87n19.xml	fail	parser accepted not-well-formed input
not-wf	ibm-not-wf-P87-ibm87n20.xml	fail	parser accepted not-well-formed input
not-wf	ibm-not-wf-P87-ibm87n21.xml	fail	parser accepted not-well-formed input
not-wf	ibm-not-wf-P87-ibm87n22.xml	fail	parser accepted not-well-formed input
not-wf	ibm-not-wf-P87-ibm87n23.xml	fail	parser accepted not-well-formed input
not-wf	ibm-not-wf-P87-ibm87n24.xml	fail	parser accepted not-well-formed input
not-wf	ibm-not-wf-P87-ibm87n25.xml	fail	parser accepted not-well-formed input
not-wf	ibm-not-wf-P87-ibm87n26.xml	fail	parser accepted not-well-formed input
not-wf	ibm-not-wf-P87-ibm87n27.xml	fail	parser accepted not-well-formed input
not-wf	ibm-not-wf-P87-ibm87n28.xml	fail	parser accepted not-well-formed input
not-wf	ibm-not-wf-P87-ibm87n29.xml	fail	parser accepted not-well-formed input
not-wf	ibm-not-wf-P87-ibm87n30.xml	fail	parser accepted not-well-formed input
not-wf	ibm-not-wf-P87-ibm87n31.xml	fail	parser accepted not-well-formed input
not-wf	ibm-not-wf-P87-ibm87n32.xml	fail	parser accepted not-well-formed input
not-wf	ibm-not-wf-P87-ibm87n33.xml	fail	parser accepted not-well-formed input
not-wf	ibm-not-wf-P87-ibm87n34.xml	fail	parser accepted not-well-formed input
not-wf	ibm-not-wf-P87-ibm87n35.xml	fail	parser accepted not-well-formed input
not-wf	ibm-not-wf-P87-ibm87n36.xml	fail	parser accepted not-well-formed input
not-wf	ibm-not-wf-P87-ibm87n37.xml	fail	parser accepted not-well-formed input
not-wf	ibm-not-wf-P87-ibm87n38.xml	fail	parser accepted not-well-formed input
not-wf	ibm-not-wf-P87-ibm87n39.xml	fail	parser accepted not-well-formed input
not-wf	ibm-not-wf-P87-ibm87n40.xml	fail	parser accepted not-well-formed input
not-wf	ibm-not-wf-P87-ibm87n41.xml	fail	parser accepted not-well-formed input
not-wf	ibm-not-wf-P87-ibm87n42.xml	fail	parser accepted not-well-formed input
not-wf	ibm-not-wf-P87-ibm87n43.xml	fail	parser accepted not-well-formed input
not-wf	ibm-not-wf-P87-ibm87n44.xml	fail	parser accepted not-well-formed input
not-wf	ibm-not-wf-P87-ibm87n45.xml	fail	parser accepted not-well-formed input
not-wf	ibm-not-wf-P87-ibm87n46.xml	fail	parser accepted not-well-formed input
not-wf	ibm-not-wf-P87-ibm87n47.xml	fail	parser accepted not-well-formed input
not-wf	ibm-not-wf-P87-ibm87n48.xml	fail	parser accepted not-well-formed input
not-wf	ibm-not-wf-P87-ibm87n49.xml	fail	parser accepted not-well-formed input
not-wf	ibm-not-wf-P87-ibm87n50.xml	fail	parser accepted not-well-formed input
not-wf	ibm-not-wf-P87-ibm87n51.xml	fail	parser accepted not-well-formed input
not-wf	ibm-not-wf-P87-ibm87n52.xml	fail	parser accepted not-well-formed input
not-wf	ibm-not-wf-P87-ibm87n53.xml	fail	parser accepted not-well-formed input
not-wf	ibm-not-wf-P87-ibm87n54.xml	fail	parser accepted not-well-formed input
not-wf	ibm-not-wf-P87-ibm87n55.xml	fail	parser accepted not-well-formed input
not-wf	ibm-not-wf-P87-ibm87n56.xml	fail	parser accepted not-well-formed input
not-wf	ibm-not-wf-P87-ibm87n57.xml	fail	parser accepted not-well-formed input
not-wf	ibm-not-wf-P87-ibm87n58.xml	fail	parser accepted not-well-formed input
not-wf	ibm-not-wf-P87-ibm87n59.xml	fail	parser accepted not-well-formed input
not-wf	ibm-not-wf-P87-ibm87n60.xml	fail	parser accepted not-well-formed input
not-wf	ibm-not-wf-P87-ibm87n61.xml	fail	parser accepted not-well-formed input
not-wf	ibm-not-wf-P87-ibm87n62.xml	fail	parser accepted not-well-formed input
not-wf	ibm-not-wf-P87-ibm87n63.xml	fail	parser accepted not-well-formed input
not-wf	ibm-not-wf-P87-ibm87n64.xml	fail	parser accepted not-well-formed input
not-wf	ibm-not-wf-P87-ibm87n66.xml	fail	parser accepted not-well-formed input
not-wf	ibm-not-wf-P87-ibm87n67.xml	fail	parser accepted not-well-formed input
not-wf	ibm-not-wf-P87-ibm87n68.xml	fail	parser accepted not-well-formed input
not-wf	ibm-not-wf-P87-ibm87n69.xml	fail	parser accepted not-well-formed input
not-wf	ibm-not-wf-P87-ibm87n70.xml	fail	parser accepted not-well-formed input
not-wf	ibm-not-wf-P87-ibm87n71.xml	fail	parser accepted not-well-formed input
not-wf	ibm-not-wf-P87-ibm87n72.xml	fail	parser accepted not-well-formed input
not-wf	ibm-not-wf-P87-ibm87n73.xml	fail	parser accepted not-well-formed input
not-wf	ibm-not-wf-P87-ibm87n74.xml	fail	parser accepted not-well-formed input
not-wf	ibm-not-wf-P87-ibm87n75.xml	fail	parser accepted not-well-formed input
not-wf	ibm-not-wf-P87-ibm87n76.xml	fail	parser accepted not-well-formed input
not-wf	ibm-not-wf-P87-ibm87n77.xml	fail	parser accepted not-well-formed input
not-wf	ibm-not-wf-P87-ibm87n78.xml	fail	parser accepted not-well-formed input
not-wf	ibm-not-wf-P87-ibm87n79.xml	fail	parser accepted not-well-formed input
not-wf	ibm-not-wf-P87-ibm87n80.xml	fail	parser accepted not-well-formed input
not-wf	ibm-not-wf-P87-ibm87n81.xml	fail	parser accepted not-well-formed input
not-wf	ibm-not-wf-P87-ibm87n82.xml	fail	parser accepted not-well-formed input
not-wf	ibm-not-wf-P87-ibm87n83.xml	fail	parser accepted not-well-formed input
not-wf	ibm-not-wf-P87-ibm87n84.xml	fail	parser accepted not-well-formed input
not-wf	ibm-not-wf-P87-ibm87n85.xml	fail	parser accepted not-well-formed input
not-wf	ibm-not-wf-P88-ibm88n01.xml	fail	parser accepted not-well-formed input
not-wf	ibm-not-wf-P88-ibm88n02.xml	fail	parser accepted not-well-formed input
not-wf	ibm-not-wf-P88-ibm88n03.xml	fail	parser accepted not-well-formed input
not-wf	ibm-not-wf-P88-ibm88n04.xml	fail	parser accepted not-well-formed input
not-wf	ibm-not-wf-P88-ibm88n05.xml	fail	parser accepted not-well-formed input
not-wf	ibm-not-wf-P88-ibm88n06.xml	fail	parser accepted not-well-formed input
not-wf	ibm-not-wf-P88-ibm88n08.xml	fail	parser accepted not-well-formed input
not-wf	ibm-not-wf-P88-ibm88n09.xml	fail	parser accepted not-well-formed input
not-wf	ibm-not-wf-P88-ibm88n10.xml	fail	parser accepted not-well-formed input
not-wf	ibm-not-wf-P88-ibm88n11.xml	fail	parser accepted not-well-formed input
not-wf	ibm-not-wf-P88-ibm88n12.xml	fail	parser accepted not-well-formed input
not-wf	ibm-not-wf-P88-ibm88n13.xml	fail	parser accepted not-well-formed input
not-wf	ibm-not-wf-P88-ibm88n14.xml	fail	parser accepted not-well-formed input
not-wf	ibm-not-wf-P88-ibm88n15.xml	fail	parser accepted not-well-formed input
not-wf	ibm-not-wf-P88-ibm88n16.xml	fail	parser accepted not-well-formed input
not-wf	ibm-not-wf-P89-ibm89n01.xml	fail	parser accepted not-well-formed input
not-wf	ibm-not-wf-P89-ibm89n02.xml	fail	parser accepted not-well-formed input
not-wf	ibm-not-wf-P89-ibm89n03.xml	fail	parser accepted not-well-formed input
not-wf	ibm-not-wf-P89-ibm89n04.xml	fail	parser accepted not-well-formed input
not-wf	ibm-not-wf-P89-ibm89n05.xml	fail	parser accepted not-well-formed input
not-wf	ibm-not-wf-p28a-ibm28an01.xml	fail	parser accepted not-well-formed input
not-wf	not-wf-not-sa-001	fail	parser accepted not-well-formed input
not-wf	not-wf-not-sa-002	fail	parser accepted not-well-formed input
not-wf	not-wf-not-sa-003	fail	parser accepted not-well-formed input
not-wf	not-wf-not-sa-004	fail	parser accepted not-well-formed input
not-wf	not-wf-not-sa-006	fail	parser accepted not-well-formed input
not-wf	not-wf-not-sa-007	fail	parser accepted not-well-formed input
not-wf	not-wf-not-sa-008	fail	parser accepted not-well-formed input
not-wf	not-wf-not-sa-009	fail	parser accepted not-well-formed input
not-wf	not-wf-sa-003	fail	parser accepted not-well-formed input
not-wf	not-wf-sa-014	fail	parser accepted not-well-formed input
not-wf	not-wf-sa-025	fail	parser accepted not-well-formed input
not-wf	not-wf-sa-026	fail	parser accepted not-well-formed input
not-wf	not-wf-sa-029	fail	parser accepted not-well-formed input
not-wf	not-wf-sa-036	fail	parser accepted not-well-formed input
not-wf	not-wf-sa-037	fail	parser accepted not-well-formed input
not-wf	not-wf-sa-040	fail	parser accepted not-well-formed input
not-wf	not-wf-sa-041	fail	parser accepted not-well-formed input
not-wf	not-wf-sa-043	fail	parser accepted not-well-formed input
not-wf	not-wf-sa-044	fail	parser accepted not-well-formed input
not-wf	not-wf-sa-048	fail	parser accepted not-well-formed input
not-wf	not-wf-sa-050	fail	parser accepted not-well-formed input
not-wf	not-wf-sa-051	fail	parser accepted not-well-formed input
not-wf	not-wf-sa-052	fail	parser accepted not-well-formed input
not-wf	not-wf-sa-054	fail	parser accepted not-well-formed input
not-wf	not-wf-sa-056	fail	parser accepted not-well-formed input
not-wf	not-wf-sa-057	fail	parser accepted not-well-formed input
not-wf	not-wf-sa-058	fail	parser accepted not-well-formed input
not-wf	not-wf-sa-059	fail	parser accepted not-well-formed input
not-wf	not-wf-sa-060	fail	parser accepted not-well-formed input
not-wf	not-wf-sa-061	fail	parser accepted not-well-formed input
not-wf	not-wf-sa-062	fail	parser accepted not-well-formed input
not-wf	not-wf-sa-063	fail	parser accepted not-well-formed input
not-wf	not-wf-sa-064	fail	parser accepted not-well-formed input
not-wf	not-wf-sa-065	fail	parser accepted not-well-formed input
not-wf	not-wf-sa-066	fail	parser accepted not-well-formed input
not-wf	not-wf-sa-067	fail	parser accepted not-well-formed input
not-wf	not-wf-sa-068	fail	parser accepted not-well-formed input
not-wf	not-wf-sa-069	fail	parser accepted not-well-formed input
not-wf	not-wf-sa-071	fail	parser accepted not-well-formed input
not-wf	not-wf-sa-074	fail	parser accepted not-well-formed input
not-wf	not-wf-sa-075	fail	parser accepted not-well-formed input
not-wf	not-wf-sa-077	fail	parser accepted not-well-formed input
not-wf	not-wf-sa-078	fail	parser accepted not-well-formed input
not-wf	not-wf-sa-079	fail	parser accepted not-well-formed input
not-wf	not-wf-sa-080	fail	parser accepted not-well-formed input
not-wf	not-wf-sa-082	fail	parser accepted not-well-formed input
not-wf	not-wf-sa-084	fail	parser accepted not-well-formed input
not-wf	not-wf-sa-085	fail	parser accepted not-well-formed input
not-wf	not-wf-sa-086	fail	parser accepted not-well-formed input
not-wf	not-wf-sa-087	fail	parser accepted not-well-formed input
not-wf	not-wf-sa-089	fail	parser accepted not-well-formed input
not-wf	not-wf-sa-090	fail	parser accepted not-well-formed input
not-wf	not-wf-sa-091	fail	parser accepted not-well-formed input
not-wf	not-wf-sa-092	fail	parser accepted not-well-formed input
not-wf	not-wf-sa-094	fail	parser accepted not-well-formed input
not-wf	not-wf-sa-095	fail	parser accepted not-well-formed input
not-wf	not-wf-sa-096	fail	parser accepted not-well-formed input
not-wf	not-wf-sa-097	fail	parser accepted not-well-formed input
not-wf	not-wf-sa-098	fail	parser accepted not-well-formed input
not-wf	not-wf-sa-099	fail	parser accepted not-well-formed input
not-wf	not-wf-sa-100	fail	parser accepted not-well-formed input
not-wf	not-wf-sa-101	unsupported	encoding:  UTF-8
not-wf	not-wf-sa-102	fail	parser accepted not-well-formed input
not-wf	not-wf-sa-105	fail	parser accepted not-well-formed input
not-wf	not-wf-sa-106	fail	parser accepted not-well-formed input
not-wf	not-wf-sa-107	fail	parser accepted not-well-formed input
not-wf	not-wf-sa-109	fail	parser accepted not-well-formed input
not-wf	not-wf-sa-110	fail	parser accepted not-well-formed input
not-wf	not-wf-sa-113	fail	parser accepted not-well-formed input
not-wf	not-wf-sa-114	fail	parser accepted not-well-formed input
not-wf	not-wf-sa-115	fail	parser accepted not-well-formed input
not-wf	not-wf-sa-116	fail	parser accepted not-well-formed input
not-wf	not-wf-sa-117	fail	parser accepted not-well-formed input
not-wf	not-wf-sa-119	fail	parser accepted not-well-formed input
not-wf	not-wf-sa-120	fail	parser accepted not-well-formed input
not-wf	not-wf-sa-121	fail	parser accepted not-well-formed input
not-wf	not-wf-sa-122	fail	parser accepted not-well-formed input
not-wf	not-wf-sa-123	fail	parser accepted not-well-formed input
not-wf	not-wf-sa-124	fail	parser accepted not-well-formed input
not-wf	not-wf-sa-125	fail	parser accepted not-well-formed input
not-wf	not-wf-sa-126	fail	parser accepted not-well-formed input
not-wf	not-wf-sa-127	fail	parser accepted not-well-formed input
not-wf	not-wf-sa-128	fail	parser accepted not-well-formed input
not-wf	not-wf-sa-129	fail	parser accepted not-well-formed input
not-wf	not-wf-sa-130	fail	parser accepted not-well-formed input
not-wf	not-wf-sa-131	fail	parser accepted not-well-formed input
not-wf	not-wf-sa-132	fail	parser accepted not-well-formed input
not-wf	not-wf-sa-133	fail	parser accepted not-well-formed input
not-wf	not-wf-sa-134	fail	parser accepted not-well-formed input
not-wf	not-wf-sa-135	fail	parser accepted not-well-formed input
not-wf	not-wf-sa-136	fail	parser accepted not-well-formed input
not-wf	not-wf-sa-137	fail	parser accepted not-well-formed input
not-wf	not-wf-sa-138	fail	parser accepted not-well-formed input
not-wf	not-wf-sa-139	fail	parser accepted not-well-formed input
not-wf	not-wf-sa-140	fail	parser accepted not-well-formed input
not-wf	not-wf-sa-141	fail	parser accepted not-well-formed input
not-wf	not-wf-sa-143	fail	parser accepted not-well-formed input
not-wf	not-wf-sa-144	fail	parser accepted not-well-formed input
not-wf	not-wf-sa-147	fail	parser accepted not-well-formed input
not-wf	not-wf-sa-148	fail	parser accepted not-well-formed input
not-wf	not-wf-sa-149	fail	parser accepted not-well-formed input
not-wf	not-wf-sa-150	fail	parser accepted not-well-formed input
not-wf	not-wf-sa-151	fail	parser accepted not-well-formed input
not-wf	not-wf-sa-152	fail	parser accepted not-well-formed input
not-wf	not-wf-sa-153	fail	parser accepted not-well-formed input
not-wf	not-wf-sa-154	fail	parser accepted not-well-formed input
not-wf	not-wf-sa-155	fail	parser accepted not-well-formed input
not-wf	not-wf-sa-156	fail	parser accepted not-well-formed input
not-wf	not-wf-sa-157	fail	parser accepted not-well-formed input
not-wf	not-wf-sa-158	fail	parser accepted not-well-formed input
not-wf	not-wf-sa-159	fail	parser accepted not-well-formed input
not-wf	not-wf-sa-160	fail	parser accepted not-well-formed input
not-wf	not-wf-sa-161	fail	parser accepted not-well-formed input
not-wf	not-wf-sa-162	fail	parser accepted not-well-formed input
not-wf	not-wf-sa-163	fail	parser accepted not-well-formed input
not-wf	not-wf-sa-164	fail	parser accepted not-well-formed input
not-wf	not-wf-sa-165	fail	parser accepted not-well-formed input
not-wf	not-wf-sa-168	fail	utf8 error: invalid utf-8 sequence of 1 bytes from index 0
not-wf	not-wf-sa-169	fail	utf8 error: invalid utf-8 sequence of 1 bytes from index 0
not-wf	not-wf-sa-170	fail	utf8 error: invalid utf-8 sequence of 1 bytes from index 0
not-wf	not-wf-sa-176	fail	parser accepted not-well-formed input
not-wf	not-wf-sa-179	fail	parser accepted not-well-formed input
not-wf	not-wf-sa-180	fail	parser accepted not-well-formed input
not-wf	not-wf-sa-181	fail	parser accepted not-well-formed input
not-wf	not-wf-sa-182	fail	parser accepted not-well-formed input
not-wf	not-wf-sa-183	fail	parser accepted not-well-formed input
not-wf	not-wf-sa-184	fail	parser accepted not-well-formed input
not-wf	not-wf-sa-186	fail	parser accepted not-well-formed input
not-wf	nwf-dtd00	fail	parser accepted not-well-formed input
not-wf	nwf-dtd01	fail	parser accepted not-well-formed input
not-wf	o-p01fail1	fail	parser accepted not-well-formed input
not-wf	o-p01fail2	fail	parser accepted not-well-formed input
not-wf	o-p01fail3	fail	parser accepted not-well-formed input
not-wf	o-p01fail4	fail	parser accepted not-well-formed input
not-wf	o-p02fail1	unsupported	utf-16 BOM
not-wf	o-p02fail10	unsupported	utf-16 BOM
not-wf	o-p02fail11	unsupported	utf-16 BOM
not-wf	o-p02fail12	unsupported	utf-16 BOM
not-wf	o-p02fail13	unsupported	utf-16 BOM
not-wf	o-p02fail14	unsupported	utf-16 BOM
not-wf	o-p02fail15	unsupported	utf-16 BOM
not-wf	o-p02fail16	unsupported	utf-16 BOM
not-wf	o-p02fail17	unsupported	utf-16 BOM
not-wf	o-p02fail18	unsupported	utf-16 BOM
not-wf	o-p02fail19	unsupported	utf-16 BOM
not-wf	o-p02fail2	unsupported	utf-16 BOM
not-wf	o-p02fail20	unsupported	utf-16 BOM
not-wf	o-p02fail21	unsupported	utf-16 BOM
not-wf	o-p02fail22	unsupported	utf-16 BOM
not-wf	o-p02fail23	unsupported	utf-16 BOM
not-wf	o-p02fail24	unsupported	utf-16 BOM
not-wf	o-p02fail25	unsupported	utf-16 BOM
not-wf	o-p02fail26	unsupported	utf-16 BOM
not-wf	o-p02fail27	unsupported	utf-16 BOM
not-wf	o-p02fail28	unsupported	utf-16 BOM
not-wf	o-p02fail29	unsupported	utf-16 BOM
not-wf	o-p02fail3	unsupported	utf-16 BOM
not-wf	o-p02fail30	unsupported	utf-16 BOM
not-wf	o-p02fail31	unsupported	utf-16 BOM
not-wf	o-p02fail4	unsupported	utf-16 BOM
not-wf	o-p02fail5	unsupported	utf-16 BOM
not-wf	o-p02fail6	unsupported	utf-16 BOM
not-wf	o-p02fail7	unsupported	utf-16 BOM
not-wf	o-p02fail8	unsupported	utf-16 BOM
not-wf	o-p02fail9	unsupported	utf-16 BOM
not-wf	o-p09fail1	fail	parser accepted not-well-formed input
not-wf	o-p09fail2	fail	parser accepted not-well-formed input
not-wf	o-p09fail3	fail	parser accepted not-well-formed input
not-wf	o-p09fail4	fail	parser accepted not-well-formed input
not-wf	o-p09fail5	fail	parser accepted not-well-formed input
not-wf	o-p10fail1	fail	parser accepted not-well-formed input
not-wf	o-p11fail1	fail	parser accepted not-well-formed input
not-wf	o-p11fail2	fail	parser accepted not-well-formed input
not-wf	o-p12fail1	fail	parser accepted not-well-formed input
not-wf	o-p12fail2	fail	parser accepted not-well-formed input
not-wf	o-p12fail3	fail	parser accepted not-well-formed input
not-wf	o-p12fail4	fail	parser accepted not-well-formed input
not-wf	o-p12fail6	fail	parser accepted not-well-formed input
not-wf	o-p12fail7	fail	parser accepted not-well-formed input
not-wf	o-p14fail3	fail	parser accepted not-well-formed input
not-wf	o-p16fail1	fail	parser accepted not-well-formed input
not-wf	o-p16fail2	fail	parser accepted not-well-formed input
not-wf	o-p16fail3	fail	parser accepted not-well-formed input
not-wf	o-p18fail3	fail	parser accepted not-well-formed input
not-wf	o-p22fail1	fail	parser accepted not-well-formed input
not-wf	o-p22fail2	fail	parser accepted not-well-formed input
not-wf	o-p23fail1	fail	parser accepted not-well-formed input
not-wf	o-p23fail2	fail	parser accepted not-well-formed input
not-wf	o-p23fail3	fail	parser accepted not-well-formed input
not-wf	o-p23fail4	fail	parser accepted not-well-formed input
not-wf	o-p24fail1	fail	parser accepted not-well-formed input
not-wf	o-p24fail2	fail	parser accepted not-well-formed input
not-wf	o-p25fail1	fail	parser accepted not-well-formed input
not-wf	o-p26fail1	fail	parser accepted not-well-formed input
not-wf	o-p26fail2	fail	parser accepted not-well-formed input
not-wf	o-p27fail1	fail	parser accepted not-well-formed input
not-wf	o-p28fail1	fail	parser accepted not-well-formed input
not-wf	o-p29fail1	fail	parser accepted not-well-formed input
not-wf	o-p30fail1	fail	parser accepted not-well-formed input
not-wf	o-p31fail1	fail	parser accepted not-well-formed input
not-wf	o-p32fail1	fail	parser accepted not-well-formed input
not-wf	o-p32fail2	fail	parser accepted not-well-formed input
not-wf	o-p32fail3	fail	parser accepted not-well-formed input
not-wf	o-p32fail4	fail	parser accepted not-well-formed input
not-wf	o-p32fail5	fail	parser accepted not-well-formed input
not-wf	o-p39fail1	fail	parser accepted not-well-formed input
not-wf	o-p39fail3	fail	parser accepted not-well-formed input
not-wf	o-p39fail5	fail	parser accepted not-well-formed input
not-wf	o-p40fail1	fail	parser accepted not-well-formed input
not-wf	o-p44fail4	fail	parser accepted not-well-formed input
not-wf	o-p45fail1	fail	parser accepted not-well-formed input
not-wf	o-p45fail2	fail	parser accepted not-well-formed input
not-wf	o-p45fail3	fail	parser accepted not-well-formed input
not-wf	o-p45fail4	fail	parser accepted not-well-formed input
not-wf	o-p46fail1	fail	parser accepted not-well-formed input
not-wf	o-p46fail2	fail	parser accepted not-well-formed input
not-wf	o-p46fail3	fail	parser accepted not-well-formed input
not-wf	o-p46fail4	fail	parser accepted not-well-formed input
not-wf	o-p46fail5	fail	parser accepted not-well-formed input
not-wf	o-p46fail6	fail	parser accepted not-well-formed input
not-wf	o-p47fail1	fail	parser accepted not-well-formed input
not-wf	o-p47fail2	fail	parser accepted not-well-formed input
not-wf	o-p47fail3	fail	parser accepted not-well-formed input
not-wf	o-p47fail4	fail	parser accepted not-well-formed input
not-wf	o-p48fail1	fail	parser accepted not-well-formed input
not-wf	o-p48fail2	fail	parser accepted not-well-formed input
not-wf	o-p51fail1	fail	parser accepted not-well-formed input
not-wf	o-p51fail2	fail	parser accepted not-well-formed input
not-wf	o-p51fail3	fail	parser accepted not-well-formed input
not-wf	o-p51fail4	fail	parser accepted not-well-formed input
not-wf	o-p51fail5	fail	parser accepted not-well-formed input
not-wf	o-p51fail6	fail	parser accepted not-well-formed input
not-wf	o-p51fail7	fail	parser accepted not-well-formed input
not-wf	o-p52fail1	fail	parser accepted not-well-formed input
not-wf	o-p52fail2	fail	parser accepted not-well-formed input
not-wf	o-p53fail1	fail	parser accepted not-well-formed input
not-wf	o-p53fail2	fail	parser accepted not-well-formed input
not-wf	o-p53fail3	fail	parser accepted not-well-formed input
not-wf	o-p53fail4	fail	parser accepted not-well-formed input
not-wf	o-p53fail5	fail	parser accepted not-well-formed input
not-wf	o-p54fail1	fail	parser accepted not-well-formed input
not-wf	o-p55fail1	fail	parser accepted not-well-formed input
not-wf	o-p56fail1	fail	parser accepted not-well-formed input
not-wf	o-p56fail2	fail	parser accepted not-well-formed input
not-wf	o-p56fail3	fail	parser accepted not-well-formed input
not-wf	o-p56fail4	fail	parser accepted not-well-formed input
not-wf	o-p56fail5	fail	parser accepted not-well-formed input
not-wf	o-p57fail1	fail	parser accepted not-well-formed input
not-wf	o-p58fail1	fail	parser accepted not-well-formed input
not-wf	o-p58fail2	fail	parser accepted not-well-formed input
not-wf	o-p58fail3	fail	parser accepted not-well-formed input
not-wf	o-p58fail4	fail	parser accepted not-well-formed input
not-wf	o-p58fail5	fail	parser accepted not-well-formed input
not-wf	o-p58fail6	fail	parser accepted not-well-formed input
not-wf	o-p58fail7	fail	parser accepted not-well-formed input
not-wf	o-p58fail8	fail	parser accepted not-well-formed input
not-wf	o-p59fail1	fail	parser accepted not-well-formed input
not-wf	o-p59fail2	fail	parser accepted not-well-formed input
not-wf	o-p59fail3	fail	parser accepted not-well-formed input
not-wf	o-p60fail1	fail	parser accepted not-well-formed input
not-wf	o-p60fail2	fail	parser accepted not-well-formed input
not-wf	o-p60fail3	fail	parser accepted not-well-formed input
not-wf	o-p60fail4	fail	parser accepted not-well-formed input
not-wf	o-p60fail5	fail	parser accepted not-well-formed input
not-wf	o-p61fail1	fail	parser accepted not-well-formed input
not-wf	o-p62fail1	fail	parser accepted not-well-formed input
not-wf	o-p62fail2	fail	parser accepted not-well-formed input
not-wf	o-p63fail1	fail	parser accepted not-well-formed input
not-wf	o-p63fail2	fail	parser accepted not-well-formed input
not-wf	o-p64fail1	fail	parser accepted not-well-formed input
not-wf	o-p64fail2	fail	parser accepted not-well-formed input
not-wf	o-p66fail5	fail	parser accepted not-well-formed input
not-wf	o-p69fail1	fail	parser accepted not-well-formed input
not-wf	o-p69fail2	fail	parser accepted not-well-formed input
not-wf	o-p69fail3	fail	parser accepted not-well-formed input
not-wf	o-p70fail1	fail	parser accepted not-well-formed input
not-wf	o-p71fail1	fail	parser accepted not-well-formed input
not-wf	o-p71fail2	fail	parser accepted not-well-formed input
not-wf	o-p71fail3	fail	parser accepted not-well-formed input
not-wf	o-p71fail4	fail	parser accepted not-well-formed input
not-wf	o-p72fail1	fail	parser accepted not-well-formed input
not-wf	o-p72fail2	fail	parser accepted not-well-formed input
not-wf	o-p72fail3	fail	parser accepted not-well-formed input
not-wf	o-p72fail4	fail	parser accepted not-well-formed input
not-wf	o-p73fail1	fail	parser accepted not-well-formed input
not-wf	o-p73fail2	fail	parser accepted not-well-formed input
not-wf	o-p73fail3	fail	parser accepted not-well-formed input
not-wf	o-p73fail4	fail	parser accepted not-well-formed input
not-wf	o-p73fail5	fail	parser accepted not-well-formed input
not-wf	o-p74fail1	fail	parser accepted not-well-formed input
not-wf	o-p74fail2	fail	parser accepted not-well-formed input
not-wf	o-p74fail3	fail	parser accepted not-well-formed input
not-wf	o-p75fail1	fail	parser accepted not-well-formed input
not-wf	o-p75fail2	fail	parser accepted not-well-formed input
not-wf	o-p75fail3	fail	parser accepted not-well-formed input
not-wf	o-p75fail4	fail	parser accepted not-well-formed input
not-wf	o-p75fail5	fail	parser accepted not-well-formed input
not-wf	o-p75fail6	fail	parser accepted not-well-formed input
not-wf	o-p76fail1	fail	parser accepted not-well-formed input
not-wf	o-p76fail2	fail	parser accepted not-well-formed input
not-wf	o-p76fail3	fail	parser accepted not-well-formed input
not-wf	pi	fail	parser accepted not-well-formed input
not-wf	pubid01	fail	parser accepted not-well-formed input
not-wf	pubid02	fail	parser accepted not-well-formed input
not-wf	pubid03	fail	parser accepted not-well-formed input
not-wf	pubid04	fail	parser accepted not-well-formed input
not-wf	pubid05	fail	parser accepted not-well-formed input
not-wf	rmt-001	unsupported	xml-1.1
not-wf	rmt-002	unsupported	xml-1.1
not-wf	rmt-003	unsupported	xml-1.1
not-wf	rmt-004	unsupported	xml-1.1
not-wf	rmt-005	unsupported	xml-1.1
not-wf	rmt-011	unsupported	xml-1.1
not-wf	rmt-013	unsupported	xml-1.1
not-wf	rmt-014	unsupported	encoding: iso-8859-1
not-wf	rmt-020	unsupported	xml-1.1
not-wf	rmt-021	unsupported	xml-1.1
not-wf	rmt-038	unsupported	xml-1.1
not-wf	rmt-039	unsupported	xml-1.1
not-wf	rmt-041	unsupported	xml-1.1
not-wf	rmt-042	unsupported	xml-1.1
not-wf	rmt-e2e-27	fail	utf8 error: invalid utf-8 sequence of 1 bytes from index 0
not-wf	rmt-e2e-61	unsupported	encoding: UTF-16
not-wf	rmt-e3e-12	fail	parser accepted not-well-formed input
not-wf	rmt-ns-e1.0-13a	fail	parser accepted not-well-formed input
not-wf	rmt-ns-e1.0-13b	fail	parser accepted not-well-formed input
not-wf	rmt-ns-e1.0-13c	fail	parser accepted not-well-formed input
not-wf	rmt-ns10-009	fail	parser accepted not-well-formed input
not-wf	rmt-ns10-010	fail	parser accepted not-well-formed input
not-wf	rmt-ns10-011	fail	parser accepted not-well-formed input
not-wf	rmt-ns10-012	fail	parser accepted not-well-formed input
not-wf	rmt-ns10-013	fail	parser accepted not-well-formed input
not-wf	rmt-ns10-014	fail	parser accepted not-well-formed input
not-wf	rmt-ns10-015	fail	parser accepted not-well-formed input
not-wf	rmt-ns10-016	fail	parser accepted not-well-formed input
not-wf	rmt-ns10-023	fail	parser accepted not-well-formed input
not-wf	rmt-ns10-025	fail	parser accepted not-well-formed input
not-wf	rmt-ns10-026	fail	parser accepted not-well-formed input
not-wf	rmt-ns10-029	fail	parser accepted not-well-formed input
not-wf	rmt-ns10-030	fail	parser accepted not-well-formed input
not-wf	rmt-ns10-031	fail	parser accepted not-well-formed input
not-wf	rmt-ns10-032	fail	parser accepted not-well-formed input
not-wf	rmt-ns10-033	fail	parser accepted not-well-formed input
not-wf	rmt-ns10-036	fail	parser accepted not-well-formed input
not-wf	rmt-ns10-042	fail	parser accepted not-well-formed input
not-wf	rmt-ns10-043	fail	parser accepted not-well-formed input
not-wf	rmt-ns10-044	fail	parser accepted not-well-formed input
not-wf	rmt-ns11-005	unsupported	xml-1.1
not-wf	sgml01	fail	parser accepted not-well-formed input
not-wf	sgml02	fail	parser accepted not-well-formed input
not-wf	sgml04	fail	parser accepted not-well-formed input
not-wf	sgml05	fail	parser accepted not-well-formed input
not-wf	sgml06	fail	parser accepted not-well-formed input
not-wf	sgml07	fail	parser accepted not-well-formed input
not-wf	sgml08	fail	parser accepted not-well-formed input
not-wf	sgml09	fail	parser accepted not-well-formed input
not-wf	sgml10	fail	parser accepted not-well-formed input
not-wf	sgml11	fail	parser accepted not-well-formed input
not-wf	sgml12	fail	parser accepted not-well-formed input
not-wf	sgml13	fail	parser accepted not-well-formed input
not-wf	x-ibm-1-0.5-not-wf-P04-ibm04n02.xml	unsupported	5th-edition
not-wf	x-ibm-1-0.5-not-wf-P04-ibm04n03.xml	unsupported	5th-edition
not-wf	x-ibm-1-0.5-not-wf-P04-ibm04n04.xml	unsupported	5th-edition
not-wf	x-ibm-1-0.5-not-wf-P04-ibm04n05.xml	unsupported	5th-edition
not-wf	x-ibm-1-0.5-not-wf-P04-ibm04n06.xml	unsupported	5th-edition
not-wf	x-ibm-1-0.5-not-wf-P04-ibm04n07.xml	unsupported	5th-edition
not-wf	x-ibm-1-0.5-not-wf-P04-ibm04n08.xml	unsupported	5th-edition
not-wf	x-ibm-1-0.5-not-wf-P04-ibm04n09.xml	unsupported	5th-edition
not-wf	x-ibm-1-0.5-not-wf-P04-ibm04n10.xml	unsupported	5th-edition
not-wf	x-ibm-1-0.5-not-wf-P04-ibm04n11.xml	unsupported	5th-edition
not-wf	x-ibm-1-0.5-not-wf-P04-ibm04n12.xml	unsupported	5th-edition
not-wf	x-ibm-1-0.5-not-wf-P04-ibm04n13.xml	unsupported	5th-edition
not-wf	x-ibm-1-0.5-not-wf-P04-ibm04n14.xml	unsupported	5th-edition
not-wf	x-ibm-1-0.5-not-wf-P04-ibm04n15.xml	unsupported	5th-edition
not-wf	x-ibm-1-0.5-not-wf-P04-ibm04n16.xml	unsupported	5th-edition
not-wf	x-ibm-1-0.5-not-wf-P04-ibm04n17.xml	unsupported	5th-edition
not-wf	x-ibm-1-0.5-not-wf-P04-ibm04n18.xml	unsupported	5th-edition
not-wf	x-ibm-1-0.5-not-wf-P04-ibm04n19.xml	unsupported	5th-edition
not-wf	x-ibm-1-0.5-not-wf-P04-ibm04n20.xml	unsupported	5th-edition
not-wf	x-ibm-1-0.5-not-wf-P04-ibm04n21.xml	unsupported	5th-edition
not-wf	x-ibm-1-0.5-not-wf-P04-ibm04n22.xml	unsupported	5th-edition
not-wf	x-ibm-1-0.5-not-wf-P04-ibm04n23.xml	unsupported	5th-edition
not-wf	x-ibm-1-0.5-not-wf-P04-ibm04n24.xml	unsupported	5th-edition
not-wf	x-ibm-1-0.5-not-wf-P04-ibm04n25.xml	unsupported	5th-edition
not-wf	x-ibm-1-0.5-not-wf-P04-ibm04n26.xml	unsupported	5th-edition
not-wf	x-ibm-1-0.5-not-wf-P04-ibm04n27.xml	unsupported	5th-edition
not-wf	x-ibm-1-0.5-not-wf-P04-ibm04n28.xml	unsupported	5th-edition
not-wf	x-ibm-1-0.5-not-wf-P04a-ibm04an01.xml	unsupported	5th-edition
not-wf	x-ibm-1-0.5-not-wf-P04a-ibm04an02.xml	unsupported	5th-edition
not-wf	x-ibm-1-0.5-not-wf-P04a-ibm04an03.xml	unsupported	5th-edition
not-wf	x-ibm-1-0.5-not-wf-P04a-ibm04an04.xml	unsupported	5th-edition
not-wf	x-ibm-1-0.5-not-wf-P04a-ibm04an05.xml	unsupported	5th-edition
not-wf	x-ibm-1-0.5-not-wf-P04a-ibm04an06.xml	unsupported	5th-edition
not-wf	x-ibm-1-0.5-not-wf-P04a-ibm04an07.xml	unsupported	5th-edition
not-wf	x-ibm-1-0.5-not-wf-P04a-ibm04an08.xml	unsupported	5th-edition
not-wf	x-ibm-1-0.5-not-wf-P04a-ibm04an09.xml	unsupported	5th-edition
not-wf	x-ibm-1-0.5-not-wf-P04a-ibm04an10.xml	unsupported	5th-edition
not-wf	x-ibm-1-0.5-not-wf-P04a-ibm04an11.xml	unsupported	5th-edition
not-wf	x-ibm-1-0.5-not-wf-P04a-ibm04an12.xml	unsupported	5th-edition
not-wf	x-ibm-1-0.5-not-wf-P04a-ibm04an13.xml	unsupported	5th-edition
not-wf	x-ibm-1-0.5-not-wf-P04a-ibm04an14.xml	unsupported	5th-edition
not-wf	x-ibm-1-0.5-not-wf-P04a-ibm04an15.xml	unsupported	5th-edition
not-wf	x-ibm-1-0.5-not-wf-P04a-ibm04an16.xml	unsupported	5th-edition
not-wf	x-ibm-1-0.5-not-wf-P04a-ibm04an17.xml	unsupported	5th-edition
not-wf	x-ibm-1-0.5-not-wf-P04a-ibm04an18.xml	unsupported	5th-edition
not-wf	x-ibm-1-0.5-not-wf-P04a-ibm04an19.xml	unsupported	5th-edition
not-wf	x-ibm-1-0.5-not-wf-P04a-ibm04an20.xml	unsupported	5th-edition
not-wf	x-ibm-1-0.5-not-wf-P04a-ibm04an21.xml	unsupported	5th-edition
not-wf	x-ibm-1-0.5-not-wf-P04a-ibm04an22.xml	unsupported	5th-edition
not-wf	x-ibm-1-0.5-not-wf-P04a-ibm04an23.xml	unsupported	5th-edition
not-wf	x-ibm-1-0.5-not-wf-P04a-ibm04an24.xml	unsupported	5th-edition
not-wf	x-ibm-1-0.5-not-wf-P04a-ibm04an25.xml	unsupported	5th-edition
not-wf	x-ibm-1-0.5-not-wf-P04a-ibm04an26.xml	unsupported	5th-edition
not-wf	x-ibm-1-0.5-not-wf-P04a-ibm04an27.xml	unsupported	5th-edition
not-wf	x-ibm-1-0.5-not-wf-P04a-ibm04an28.xml	unsupported	5th-edition
not-wf	x-ibm-1-0.5-not-wf-P05-ibm05n01.xml	unsupported	5th-edition
not-wf	x-ibm-1-0.5-not-wf-P05-ibm05n02.xml	unsupported	5th-edition
not-wf	x-ibm-1-0.5-not-wf-P05-ibm05n03.xml	unsupported	5th-edition
not-wf	x-ibm-1-0.5-not-wf-P05-ibm05n04.xml	unsupported	5th-edition
not-wf	x-ibm-1-0.5-not-wf-P05-ibm05n05.xml	unsupported	5th-edition
not-wf	x-ibm-1-0.5-not-wf-P05-ibm05n06.xml	unsupported	5th-edition
valid	ext01	fail	parse error: text decode error: at 2..6: unrecognized entity `root`
valid	ext02	fail	parse error: text decode error: at 2..8: unrecognized entity `utf16b`
valid	ibm-1-1-valid-P02-ibm02v01.xml	unsupported	xml-1.1
valid	ibm-1-1-valid-P02-ibm02v02.xml	unsupported	xml-1.1
valid	ibm-1-1-valid-P02-ibm02v03.xml	unsupported	xml-1.1
valid	ibm-1-1-valid-P02-ibm02v04.xml	unsupported	xml-1.1
valid	ibm-1-1-valid-P02-ibm02v05.xml	unsupported	xml-1.1
valid	ibm-1-1-valid-P02-ibm02v06.xml	unsupported	xml-1.1
valid	ibm-1-1-valid-P03-ibm03v01.xml	unsupported	xml-1.1
valid	ibm-1-1-valid-P03-ibm03v02.xml	unsupported	xml-1.1
valid	ibm-1-1-valid-P03-ibm03v03.xml	unsupported	xml-1.1
valid	ibm-1-1-valid-P03-ibm03v04.xml	unsupported	xml-1.1
valid	ibm-1-1-valid-P03-ibm03v05.xml	unsupported	xml-1.1
valid	ibm-1-1-valid-P03-ibm03v06.xml	unsupported	xml-1.1
valid	ibm-1-1-valid-P03-ibm03v07.xml	unsupported	xml-1.1
valid	ibm-1-1-valid-P03-ibm03v08.xml	unsupported	xml-1.1
valid	ibm-1-1-valid-P03-ibm03v09.xml	unsupported	xml-1.1
valid	ibm-1-1-valid-P04-ibm04av01.xml	unsupported	xml-1.1
valid	ibm-1-1-valid-P04-ibm04v01.xml	unsupported	xml-1.1
valid	ibm-1-1-valid-P047-ibm07v01.xml	unsupported	xml-1.1
valid	ibm-1-1-valid-P05-ibm05v01.xml	unsupported	xml-1.1
valid	ibm-1-1-valid-P05-ibm05v02.xml	unsupported	xml-1.1
valid	ibm-1-1-valid-P05-ibm05v03.xml	unsupported	xml-1.1
valid	ibm-1-1-valid-P05-ibm05v04.xml	unsupported	xml-1.1
valid	ibm-1-1-valid-P05-ibm05v05.xml	unsupported	xml-1.1
valid	ibm-1-1-valid-P77-ibm77v01.xml	unsupported	xml-1.1
valid	ibm-1-1-valid-P77-ibm77v02.xml	unsupported	xml-1.1
valid	ibm-1-1-valid-P77-ibm77v03.xml	unsupported	xml-1.1
valid	ibm-1-1-valid-P77-ibm77v04.xml	unsupported	xml-1.1
valid	ibm-1-1-valid-P77-ibm77v05.xml	unsupported	xml-1.1
valid	ibm-1-1-valid-P77-ibm77v06.xml	unsupported	xml-1.1
valid	ibm-1-1-valid-P77-ibm77v07.xml	unsupported	xml-1.1
valid	ibm-1-1-valid-P77-ibm77v08.xml	unsupported	xml-1.1
valid	ibm-1-1-valid-P77-ibm77v09.xml	unsupported	xml-1.1
valid	ibm-1-1-valid-P77-ibm77v10.xml	unsupported	xml-1.1
valid	ibm-1-1-valid-P77-ibm77v11.xml	unsupported	xml-1.1
valid	ibm-1-1-valid-P77-ibm77v12.xml	unsupported	xml-1.1
valid	ibm-1-1-valid-P77-ibm77v13.xml	unsupported	xml-1.1
valid	ibm-1-1-valid-P77-ibm77v14.xml	unsupported	xml-1.1
valid	ibm-1-1-valid-P77-ibm77v15.xml	unsupported	xml-1.1
valid	ibm-1-1-valid-P77-ibm77v16.xml	unsupported	xml-1.1
valid	ibm-1-1-valid-P77-ibm77v17.xml	unsupported	xml-1.1
valid	ibm-1-1-valid-P77-ibm77v18.xml	unsupported	xml-1.1
valid	ibm-1-1-valid-P77-ibm77v19.xml	unsupported	xml-1.1
valid	ibm-1-1-valid-P77-ibm77v20.xml	unsupported	xml-1.1
valid	ibm-1-1-valid-P77-ibm77v21.xml	unsupported	xml-1.1
valid	ibm-1-1-valid-P77-ibm77v22.xml	unsupported	xml-1.1
valid	ibm-1-1-valid-P77-ibm77v23.xml	unsupported	xml-1.1
valid	ibm-1-1-valid-P77-ibm77v24.xml	unsupported	xml-1.1
valid	ibm-1-1-valid-P77-ibm77v25.xml	unsupported	xml-1.1
valid	ibm-1-1-valid-P77-ibm77v26.xml	unsupported	xml-1.1
valid	ibm-1-1-valid-P77-ibm77v27.xml	unsupported	xml-1.1
valid	ibm-1-1-valid-P77-ibm77v28.xml	unsupported	xml-1.1
valid	ibm-1-1-valid-P77-ibm77v29.xml	unsupported	xml-1.1
valid	ibm-1-1-valid-P77-ibm77v30.xml	unsupported	xml-1.1
valid	ibm-valid-P09-ibm09v03.xml	fail	parse error: text decode error: at 25..29: unrecognized entity `Name`
valid	ibm-valid-P09-ibm09v05.xml	fail	parse error: text decode error: at 19..26: unrecognized entity `combine`
valid	ibm-valid-P32-ibm32v02.xml	fail	parse error: text decode error: at 1..15: unrecognized entity `animal_content`
valid	ibm-valid-P78-ibm78v01.xml	fail	parse error: text decode error: at 1..5: unrecognized entity `epe1`
valid	ibm-valid-P85-ibm85n03.xml	unsupported	5th-edition
valid	ibm-valid-P85-ibm85n04.xml	unsupported	5th-edition
valid	ibm-valid-P85-ibm85n05.xml	unsupported	5th-edition
valid	ibm-valid-P85-ibm85n06.xml	unsupported	5th-edition
valid	ibm-valid-P85-ibm85n07.xml	unsupported	5th-edition
valid	ibm-valid-P85-ibm85n08.xml	unsupported	5th-edition
valid	ibm-valid-P85-ibm85n09.xml	unsupported	5th-edition
valid	ibm-valid-P85-ibm85n10.xml	unsupported	5th-edition
valid	ibm-valid-P85-ibm85n100.xml	unsupported	5th-edition
valid	ibm-valid-P85-ibm85n101.xml	unsupported	5th-edition
valid	ibm-valid-P85-ibm85n102.xml	unsupported	5th-edition
valid	ibm-valid-P85-ibm85n103.xml	unsupported	5th-edition
valid	ibm-valid-P85-ibm85n104.xml	unsupported	5th-edition
valid	ibm-valid-P85-ibm85n105.xml	unsupported	5th-edition
valid	ibm-valid-P85-ibm85n106.xml	unsupported	5th-edition
valid	ibm-valid-P85-ibm85n107.xml	unsupported	5th-edition
valid	ibm-valid-P85-ibm85n108.xml	unsupported	5th-edition
valid	ibm-valid-P85-ibm85n109.xml	unsupported	5th-edition
valid	ibm-valid-P85-ibm85n11.xml	unsupported	5th-edition
valid	ibm-valid-P85-ibm85n110.xml	unsupported	5th-edition
valid	ibm-valid-P85-ibm85n111.xml	unsupported	5th-edition
valid	ibm-valid-P85-ibm85n112.xml	unsupported	5th-edition
valid	ibm-valid-P85-ibm85n113.xml	unsupported	5th-edition
valid	ibm-valid-P85-ibm85n114.xml	unsupported	5th-edition
valid	ibm-valid-P85-ibm85n115.xml	unsupported	5th-edition
valid	ibm-valid-P85-ibm85n116.xml	unsupported	5th-edition
valid	ibm-valid-P85-ibm85n117.xml	unsupported	5th-edition
valid	ibm-valid-P85-ibm85n118.xml	unsupported	5th-edition
valid	ibm-valid-P85-ibm85n119.xml	unsupported	5th-edition
valid	ibm-valid-P85-ibm85n12.xml	unsupported	5th-edition
valid	ibm-valid-P85-ibm85n120.xml	unsupported	5th-edition
valid	ibm-valid-P85-ibm85n121.xml	unsupported	5th-edition
valid	ibm-valid-P85-ibm85n122.xml	unsupported	5th-edition
valid	ibm-valid-P85-ibm85n123.xml	unsupported	5th-edition
valid	ibm-valid-P85-ibm85n124.xml	unsupported	5th-edition
valid	ibm-valid-P85-ibm85n125.xml	unsupported	5th-edition
valid	ibm-valid-P85-ibm85n126.xml	unsupported	5th-edition
valid	ibm-valid-P85-ibm85n127.xml	unsupported	5th-edition
valid	ibm-valid-P85-ibm85n128.xml	unsupported	5th-edition
valid	ibm-valid-P85-ibm85n129.xml	unsupported	5th-edition
valid	ibm-valid-P85-ibm85n13.xml	unsupported	5th-edition
valid	ibm-valid-P85-ibm85n130.xml	unsupported	5th-edition
valid	ibm-valid-P85-ibm85n131.xml	unsupported	5th-edition
valid	ibm-valid-P85-ibm85n132.xml	unsupported	5th-edition
valid	ibm-valid-P85-ibm85n133.xml	unsupported	5th-edition
valid	ibm-valid-P85-ibm85n134.xml	unsupported	5th-edition
valid	ibm-valid-P85-ibm85n135.xml	unsupported	5th-edition
valid	ibm-valid-P85-ibm85n136.xml	unsupported	5th-edition
valid	ibm-valid-P85-ibm85n137.xml	unsupported	5th-edition
valid	ibm-valid-P85-ibm85n138.xml	unsupported	5th-edition
valid	ibm-valid-P85-ibm85n139.xml	unsupported	5th-edition
valid	ibm-valid-P85-ibm85n14.xml	unsupported	5th-edition
valid	ibm-valid-P85-ibm85n140.xml	unsupported	5th-edition
valid	ibm-valid-P85-ibm85n141.xml	unsupported	5th-edition
valid	ibm-valid-P85-ibm85n142.xml	unsupported	5th-edition
valid	ibm-valid-P85-ibm85n143.xml	unsupported	5th-edition
valid	ibm-valid-P85-ibm85n144.xml	unsupported	5th-edition
valid	ibm-valid-P85-ibm85n145.xml	unsupported	5th-edition
valid	ibm-valid-P85-ibm85n146.xml	unsupported	5th-edition
valid	ibm-valid-P85-ibm85n147.xml	unsupported	5th-edition
valid	ibm-valid-P85-ibm85n148.xml	unsupported	5th-edition
valid	ibm-valid-P85-ibm85n149.xml	unsupported	5th-edition
valid	ibm-valid-P85-ibm85n15.xml	unsupported	5th-edition
valid	ibm-valid-P85-ibm85n150.xml	unsupported	5th-edition
valid	ibm-valid-P85-ibm85n151.xml	unsupported	5th-edition
valid	ibm-valid-P85-ibm85n152.xml	unsupported	5th-edition
valid	ibm-valid-P85-ibm85n153.xml	unsupported	5th-edition
valid	ibm-valid-P85-ibm85n154.xml	unsupported	5th-edition
valid	ibm-valid-P85-ibm85n155.xml	unsupported	5th-edition
valid	ibm-valid-P85-ibm85n156.xml	unsupported	5th-edition
valid	ibm-valid-P85-ibm85n157.xml	unsupported	5th-edition
valid	ibm-valid-P85-ibm85n158.xml	unsupported	5th-edition
valid	ibm-valid-P85-ibm85n159.xml	unsupported	5th-edition
valid	ibm-valid-P85-ibm85n16.xml	unsupported	5th-edition
valid	ibm-valid-P85-ibm85n160.xml	unsupported	5th-edition
valid	ibm-valid-P85-ibm85n161.xml	unsupported	5th-edition
valid	ibm-valid-P85-ibm85n162.xml	unsupported	5th-edition
valid	ibm-valid-P85-ibm85n163.xml	unsupported	5th-edition
valid	ibm-valid-P85-ibm85n164.xml	unsupported	5th-edition
valid	ibm-valid-P85-ibm85n165.xml	unsupported	5th-edition
valid	ibm-valid-P85-ibm85n166.xml	unsupported	5th-edition
valid	ibm-valid-P85-ibm85n167.xml	unsupported	5th-edition
valid	ibm-valid-P85-ibm85n168.xml	unsupported	5th-edition
valid	ibm-valid-P85-ibm85n169.xml	unsupported	5th-edition
valid	ibm-valid-P85-ibm85n17.xml	unsupported	5th-edition
valid	ibm-valid-P85-ibm85n170.xml	unsupported	5th-edition
valid	ibm-valid-P85-ibm85n171.xml	unsupported	5th-edition
valid	ibm-valid-P85-ibm85n172.xml	unsupported	5th-edition
valid	ibm-valid-P85-ibm85n173.xml	unsupported	5th-edition
valid	ibm-valid-P85-ibm85n174.xml	unsupported	5th-edition
valid	ibm-valid-P85-ibm85n175.xml	unsupported	5th-edition
valid	ibm-valid-P85-ibm85n176.xml	unsupported	5th-edition
valid	ibm-valid-P85-ibm85n177.xml	unsupported	5th-edition
valid	ibm-valid-P85-ibm85n178.xml	unsupported	5th-edition
valid	ibm-valid-P85-ibm85n179.xml	unsupported	5th-edition
valid	ibm-valid-P85-ibm85n18.xml	unsupported	5th-edition
valid	ibm-valid-P85-ibm85n180.xml	unsupported	5th-edition
valid	ibm-valid-P85-ibm85n181.xml	unsupported	5th-edition
valid	ibm-valid-P85-ibm85n182.xml	unsupported	5th-edition
valid	ibm-valid-P85-ibm85n183.xml	unsupported	5th-edition
valid	ibm-valid-P85-ibm85n184.xml	unsupported	5th-edition
valid	ibm-valid-P85-ibm85n185.xml	unsupported	5th-edition
valid	ibm-valid-P85-ibm85n186.xml	unsupported	5th-edition
valid	ibm-valid-P85-ibm85n187.xml	unsupported	5th-edition
valid	ibm-valid-P85-ibm85n188.xml	unsupported	5th-edition
valid	ibm-valid-P85-ibm85n189.xml	unsupported	5th-edition
valid	ibm-valid-P85-ibm85n19.xml	unsupported	5th-edition
valid	ibm-valid-P85-ibm85n190.xml	unsupported	5th-edition
valid	ibm-valid-P85-ibm85n191.xml	unsupported	5th-edition
valid	ibm-valid-P85-ibm85n192.xml	unsupported	5th-edition
valid	ibm-valid-P85-ibm85n193.xml	unsupported	5th-edition
valid	ibm-valid-P85-ibm85n194.xml	unsupported	5th-edition
valid	ibm-valid-P85-ibm85n195.xml	unsupported	5th-edition
valid	ibm-valid-P85-ibm85n196.xml	unsupported	5th-edition
valid	ibm-valid-P85-ibm85n197.xml	unsupported	5th-edition
valid	ibm-valid-P85-ibm85n198.xml	unsupported	5th-edition
valid	ibm-valid-P85-ibm85n20.xml	unsupported	5th-edition
valid	ibm-valid-P85-ibm85n21.xml	unsupported	5th-edition
valid	ibm-valid-P85-ibm85n22.xml	unsupported	5th-edition
valid	ibm-valid-P85-ibm85n23.xml	unsupported	5th-edition
valid	ibm-valid-P85-ibm85n24.xml	unsupported	5th-edition
valid	ibm-valid-P85-ibm85n25.xml	unsupported	5th-edition
valid	ibm-valid-P85-ibm85n26.xml	unsupported	5th-edition
valid	ibm-valid-P85-ibm85n27.xml	unsupported	5th-edition
valid	ibm-valid-P85-ibm85n28.xml	unsupported	5th-edition
valid	ibm-valid-P85-ibm85n29.xml	unsupported	5th-edition
valid	ibm-valid-P85-ibm85n30.xml	unsupported	5th-edition
valid	ibm-valid-P85-ibm85n31.xml	unsupported	5th-edition
valid	ibm-valid-P85-ibm85n32.xml	unsupported	5th-edition
valid	ibm-valid-P85-ibm85n33.xml	unsupported	5th-edition
valid	ibm-valid-P85-ibm85n34.xml	unsupported	5th-edition
valid	ibm-valid-P85-ibm85n35.xml	unsupported	5th-edition
valid	ibm-valid-P85-ibm85n36.xml	unsupported	5th-edition
valid	ibm-valid-P85-ibm85n37.xml	unsupported	5th-edition
valid	ibm-valid-P85-ibm85n38.xml	unsupported	5th-edition
valid	ibm-valid-P85-ibm85n39.xml	unsupported	5th-edition
valid	ibm-valid-P85-ibm85n40.xml	unsupported	5th-edition
valid	ibm-valid-P85-ibm85n41.xml	unsupported	5th-edition
valid	ibm-valid-P85-ibm85n42.xml	unsupported	5th-edition
valid	ibm-valid-P85-ibm85n43.xml	unsupported	5th-edition
valid	ibm-valid-P85-ibm85n44.xml	unsupported	5th-edition
valid	ibm-valid-P85-ibm85n45.xml	unsupported	5th-edition
valid	ibm-valid-P85-ibm85n46.xml	unsupported	5th-edition
valid	ibm-valid-P85-ibm85n47.xml	unsupported	5th-edition
valid	ibm-valid-P85-ibm85n48.xml	unsupported	5th-edition
valid	ibm-valid-P85-ibm85n49.xml	unsupported	5th-edition
valid	ibm-valid-P85-ibm85n50.xml	unsupported	5th-edition
valid	ibm-valid-P85-ibm85n51.xml	unsupported	5th-edition
valid	ibm-valid-P85-ibm85n52.xml	unsupported	5th-edition
valid	ibm-valid-P85-ibm85n53.xml	unsupported	5th-edition
valid	ibm-valid-P85-ibm85n54.xml	unsupported	5th-edition
valid	ibm-valid-P85-ibm85n55.xml	unsupported	5th-edition
valid	ibm-valid-P85-ibm85n56.xml	unsupported	5th-edition
valid	ibm-valid-P85-ibm85n57.xml	unsupported	5th-edition
valid	ibm-valid-P85-ibm85n58.xml	unsupported	5th-edition
valid	ibm-valid-P85-ibm85n59.xml	unsupported	5th-edition
valid	ibm-valid-P85-ibm85n60.xml	unsupported	5th-edition
valid	ibm-valid-P85-ibm85n61.xml	unsupported	5th-edition
valid	ibm-valid-P85-ibm85n62.xml	unsupported	5th-edition
valid	ibm-valid-P85-ibm85n63.xml	unsupported	5th-edition
valid	ibm-valid-P85-ibm85n64.xml	unsupported	5th-edition
valid	ibm-valid-P85-ibm85n65.xml	unsupported	5th-edition
valid	ibm-valid-P85-ibm85n66.xml	unsupported	5th-edition
valid	ibm-valid-P85-ibm85n67.xml	unsupported	5th-edition
valid	ibm-valid-P85-ibm85n68.xml	unsupported	5th-edition
valid	ibm-valid-P85-ibm85n69.xml	unsupported	5th-edition
valid	ibm-valid-P85-ibm85n70.xml	unsupported	5th-edition
valid	ibm-valid-P85-ibm85n71.xml	unsupported	5th-edition
valid	ibm-valid-P85-ibm85n72.xml	unsupported	5th-edition
valid	ibm-valid-P85-ibm85n73.xml	unsupported	5th-edition
valid	ibm-valid-P85-ibm85n74.xml	unsupported	5th-edition
valid	ibm-valid-P85-ibm85n75.xml	unsupported	5th-edition
valid	ibm-valid-P85-ibm85n76.xml	unsupported	5th-edition
valid	ibm-valid-P85-ibm85n77.xml	unsupported	5th-edition
valid	ibm-valid-P85-ibm85n78.xml	unsupported	5th-edition
valid	ibm-valid-P85-ibm85n79.xml	unsupported	5th-edition
valid	ibm-valid-P85-ibm85n80.xml	unsupported	5th-edition
valid	ibm-valid-P85-ibm85n81.xml	unsupported	5th-edition
valid	ibm-valid-P85-ibm85n82.xml	unsupported	5th-edition
valid	ibm-valid-P85-ibm85n83.xml	unsupported	5th-edition
valid	ibm-valid-P85-ibm85n84.xml	unsupported	5th-edition
valid	ibm-valid-P85-ibm85n85.xml	unsupported	5th-edition
valid	ibm-valid-P85-ibm85n86.xml	unsupported	5th-edition
valid	ibm-valid-P85-ibm85n87.xml	unsupported	5th-edition
valid	ibm-valid-P85-ibm85n88.xml	unsupported	5th-edition
valid	ibm-valid-P85-ibm85n89.xml	unsupported	5th-edition
valid	ibm-valid-P85-ibm85n90.xml	unsupported	5th-edition
valid	ibm-valid-P85-ibm85n91.xml	unsupported	5th-edition
valid	ibm-valid-P85-ibm85n92.xml	unsupported	5th-edition
valid	ibm-valid-P85-ibm85n93.xml	unsupported	5th-edition
valid	ibm-valid-P85-ibm85n94.xml	unsupported	5th-edition
valid	ibm-valid-P85-ibm85n95.xml	unsupported	5th-edition
valid	ibm-valid-P85-ibm85n96.xml	unsupported	5th-edition
valid	ibm-valid-P85-ibm85n97.xml	unsupported	5th-edition
valid	ibm-valid-P85-ibm85n98.xml	unsupported	5th-edition
valid	ibm-valid-P85-ibm85n99.xml	unsupported	5th-edition
valid	ibm-valid-P86-ibm86n01.xml	unsupported	5th-edition
valid	ibm-valid-P86-ibm86n02.xml	unsupported	5th-edition
valid	ibm-valid-P86-ibm86n03.xml	unsupported	5th-edition
valid	ibm-valid-P86-ibm86n04.xml	unsupported	5th-edition
valid	ibm-valid-P87-ibm87n01.xml	unsupported	5th-edition
valid	ibm-valid-P87-ibm87n02.xml	unsupported	5th-edition
valid	ibm-valid-P87-ibm87n03.xml	unsupported	5th-edition
valid	ibm-valid-P87-ibm87n04.xml	unsupported	5th-edition
valid	ibm-valid-P87-ibm87n05.xml	unsupported	5th-edition
valid	ibm-valid-P87-ibm87n06.xml	unsupported	5th-edition
valid	ibm-valid-P87-ibm87n07.xml	unsupported	5th-edition
valid	ibm-valid-P87-ibm87n08.xml	unsupported	5th-edition
valid	ibm-valid-P87-ibm87n09.xml	unsupported	5th-edition
valid	ibm-valid-P87-ibm87n10.xml	unsupported	5th-edition
valid	ibm-valid-P87-ibm87n11.xml	unsupported	5th-edition
valid	ibm-valid-P87-ibm87n12.xml	unsupported	5th-edition
valid	ibm-valid-P87-ibm87n13.xml	unsupported	5th-edition
valid	ibm-valid-P87-ibm87n14.xml	unsupported	5th-edition
valid	ibm-valid-P87-ibm87n15.xml	unsupported	5th-edition
valid	ibm-valid-P87-ibm87n16.xml	unsupported	5th-edition
valid	ibm-valid-P87-ibm87n17.xml	unsupported	5th-edition
valid	ibm-valid-P87-ibm87n18.xml	unsupported	5th-edition
valid	ibm-valid-P87-ibm87n19.xml	unsupported	5th-edition
valid	ibm-valid-P87-ibm87n20.xml	unsupported	5th-edition
valid	ibm-valid-P87-ibm87n21.xml	unsupported	5th-edition
valid	ibm-valid-P87-ibm87n22.xml	unsupported	5th-edition
valid	ibm-valid-P87-ibm87n23.xml	unsupported	5th-edition
valid	ibm-valid-P87-ibm87n24.xml	unsupported	5th-edition
valid	ibm-valid-P87-ibm87n25.xml	unsupported	5th-edition
valid	ibm-valid-P87-ibm87n26.xml	unsupported	5th-edition
valid	ibm-valid-P87-ibm87n27.xml	unsupported	5th-edition
valid	ibm-valid-P87-ibm87n28.xml	unsupported	5th-edition
valid	ibm-valid-P87-ibm87n29.xml	unsupported	5th-edition
valid	ibm-valid-P87-ibm87n30.xml	unsupported	5th-edition
valid	ibm-valid-P87-ibm87n31.xml	unsupported	5th-edition
valid	ibm-valid-P87-ibm87n32.xml	unsupported	5th-edition
valid	ibm-valid-P87-ibm87n33.xml	unsupported	5th-edition
valid	ibm-valid-P87-ibm87n34.xml	unsupported	5th-edition
valid	ibm-valid-P87-ibm87n35.xml	unsupported	5th-edition
valid	ibm-valid-P87-ibm87n36.xml	unsupported	5th-edition
valid	ibm-valid-P87-ibm87n37.xml	unsupported	5th-edition
valid	ibm-valid-P87-ibm87n38.xml	unsupported	5th-edition
valid	ibm-valid-P87-ibm87n39.xml	unsupported	5th-edition
valid	ibm-valid-P87-ibm87n40.xml	unsupported	5th-edition
valid	ibm-valid-P87-ibm87n41.xml	unsupported	5th-edition
valid	ibm-valid-P87-ibm87n42.xml	unsupported	5th-edition
valid	ibm-valid-P87-ibm87n43.xml	unsupported	5th-edition
valid	ibm-valid-P87-ibm87n44.xml	unsupported	5th-edition
valid	ibm-valid-P87-ibm87n45.xml	unsupported	5th-edition
valid	ibm-valid-P87-ibm87n46.xml	unsupported	5th-edition
valid	ibm-valid-P87-ibm87n47.xml	unsupported	5th-edition
valid	ibm-valid-P87-ibm87n48.xml	unsupported	5th-edition
valid	ibm-valid-P87-ibm87n49.xml	unsupported	5th-edition
valid	ibm-valid-P87-ibm87n50.xml	unsupported	5th-edition
valid	ibm-valid-P87-ibm87n51.xml	unsupported	5th-edition
valid	ibm-valid-P87-ibm87n52.xml	unsupported	5th-edition
valid	ibm-valid-P87-ibm87n53.xml	unsupported	5th-edition
valid	ibm-valid-P87-ibm87n54.xml	unsupported	5th-edition
valid	ibm-valid-P87-ibm87n55.xml	unsupported	5th-edition
valid	ibm-valid-P87-ibm87n56.xml	unsupported	5th-edition
valid	ibm-valid-P87-ibm87n57.xml	unsupported	5th-edition
valid	ibm-valid-P87-ibm87n58.xml	unsupported	5th-edition
valid	ibm-valid-P87-ibm87n59.xml	unsupported	5th-edition
valid	ibm-valid-P87-ibm87n60.xml	unsupported	5th-edition
valid	ibm-valid-P87-ibm87n61.xml	unsupported	5th-edition
valid	ibm-valid-P87-ibm87n62.xml	unsupported	5th-edition
valid	ibm-valid-P87-ibm87n63.xml	unsupported	5th-edition
valid	ibm-valid-P87-ibm87n64.xml	unsupported	5th-edition
valid	ibm-valid-P87-ibm87n66.xml	unsupported	5th-edition
valid	ibm-valid-P87-ibm87n67.xml	unsupported	5th-edition
valid	ibm-valid-P87-ibm87n68.xml	unsupported	5th-edition
valid	ibm-valid-P87-ibm87n69.xml	unsupported	5th-edition
valid	ibm-valid-P87-ibm87n70.xml	unsupported	5th-edition
valid	ibm-valid-P87-ibm87n71.xml	unsupported	5th-edition
valid	ibm-valid-P87-ibm87n72.xml	unsupported	5th-edition
valid	ibm-valid-P87-ibm87n73.xml	unsupported	5th-edition
valid	ibm-valid-P87-ibm87n74.xml	unsupported	5th-edition
valid	ibm-valid-P87-ibm87n75.xml	unsupported	5th-edition
valid	ibm-valid-P87-ibm87n76.xml	unsupported	5th-edition
valid	ibm-valid-P87-ibm87n77.xml	unsupported	5th-edition
valid	ibm-valid-P87-ibm87n78.xml	unsupported	5th-edition
valid	ibm-valid-P87-ibm87n79.xml	unsupported	5th-edition
valid	ibm-valid-P87-ibm87n80.xml	unsupported	5th-edition
valid	ibm-valid-P87-ibm87n81.xml	unsupported	5th-edition
valid	ibm-valid-P87-ibm87n82.xml	unsupported	5th-edition
valid	ibm-valid-P87-ibm87n83.xml	unsupported	5th-edition
valid	ibm-valid-P87-ibm87n84.xml	unsupported	5th-edition
valid	ibm-valid-P87-ibm87n85.xml	unsupported	5th-edition
valid	ibm-valid-P88-ibm88n03.xml	unsupported	5th-edition
valid	ibm-valid-P88-ibm88n04.xml	unsupported	5th-edition
valid	ibm-valid-P88-ibm88n05.xml	unsupported	5th-edition
valid	ibm-valid-P88-ibm88n06.xml	unsupported	5th-edition
valid	ibm-valid-P88-ibm88n08.xml	unsupported	5th-edition
valid	ibm-valid-P88-ibm88n09.xml	unsupported	5th-edition
valid	ibm-valid-P88-ibm88n10.xml	unsupported	5th-edition
valid	ibm-valid-P88-ibm88n11.xml	unsupported	5th-edition
valid	ibm-valid-P88-ibm88n12.xml	unsupported	5th-edition
valid	ibm-valid-P88-ibm88n13.xml	unsupported	5th-edition
valid	ibm-valid-P88-ibm88n14.xml	unsupported	5th-edition
valid	ibm-valid-P88-ibm88n15.xml	unsupported	5th-edition
valid	ibm-valid-P88-ibm88n16.xml	unsupported	5th-edition
valid	ibm-valid-P89-ibm89n03.xml	unsupported	5th-edition
valid	ibm-valid-P89-ibm89n04.xml	unsupported	5th-edition
valid	ibm-valid-P89-ibm89n05.xml	unsupported	5th-edition
valid	not-sa03	fail	parse error: attribute value decode error: at 1..9: unrecognized entity `internal`
valid	pr-xml-little	unsupported	utf-16 BOM
valid	pr-xml-utf-16	unsupported	utf-16 BOM
valid	pr-xml-utf-8	fail	parse error: parse error at position 5835: syntax error: unknown or missed symbol in markup
valid	rmt-006	unsupported	xml-1.1
valid	rmt-007	unsupported	xml-1.1
valid	rmt-010	unsupported	xml-1.1
valid	rmt-012	unsupported	xml-1.1
valid	rmt-022	unsupported	xml-1.1
valid	rmt-023	unsupported	xml-1.1
valid	rmt-024	unsupported	xml-1.1
valid	rmt-025	unsupported	xml-1.1
valid	rmt-026	unsupported	xml-1.1
valid	rmt-027	unsupported	xml-1.1
valid	rmt-028	unsupported	xml-1.1
valid	rmt-029	unsupported	xml-1.1
valid	rmt-031	unsupported	xml-1.1
valid	rmt-033	unsupported	xml-1.1
valid	rmt-034	unsupported	xml-1.1
valid	rmt-035	unsupported	xml-1.1
valid	rmt-040	unsupported	xml-1.1
valid	rmt-043	unsupported	xml-1.1
valid	rmt-044	unsupported	xml-1.1
valid	rmt-045	unsupported	xml-1.1
valid	rmt-047	unsupported	xml-1.1
valid	rmt-049	unsupported	xml-1.1
valid	rmt-050	unsupported	xml-1.1
valid	rmt-051	unsupported	xml-1.1
valid	rmt-054	unsupported	xml-1.1
valid	rmt-e2e-18	fail	parse error: text decode error: at 1..4: unrecognized entity `ent`
valid	rmt-e2e-19	fail	parse error: text decode error: at 1..4: unrecognized entity `ent`
valid	rmt-e2e-50	unsupported	xml-1.1
valid	rmt-ns11-001	unsupported	xml-1.1
valid	rmt-ns11-002	unsupported	xml-1.1
valid	rmt-ns11-003	unsupported	xml-1.1
valid	rmt-ns11-004	unsupported	xml-1.1
valid	rmt-ns11-006	unsupported	xml-1.1
valid	v-pe00	fail	parse error: text decode error: at 1..5: unrecognized entity `book`
valid	v-pe02	fail	parse error: text decode error: at 21..27: unrecognized entity `tricky`
valid	valid-ext-sa-001	fail	parse error: text decode error: at 1..2: unrecognized entity `e`
valid	valid-ext-sa-002	fail	parse error: text decode error: at 1..2: unrecognized entity `e`
valid	valid-ext-sa-003	fail	parse error: text decode error: at 1..2: unrecognized entity `e`
valid	valid-ext-sa-004	fail	parse error: text decode error: at 1..2: unrecognized entity `e`
valid	valid-ext-sa-005	fail	parse error: text decode error: at 1..2: unrecognized entity `e`
valid	valid-ext-sa-006	fail	parse error: text decode error: at 1..2: unrecognized entity `e`
valid	valid-ext-sa-007	fail	parse error: text decode error: at 2..3: unrecognized entity `e`
valid	valid-ext-sa-008	fail	parse error: text decode error: at 2..3: unrecognized entity `e`
valid	valid-ext-sa-009	fail	parse error: text decode error: at 1..2: unrecognized entity `e`
valid	valid-ext-sa-011	fail	parse error: text decode error: at 1..2: unrecognized entity `e`
valid	valid-ext-sa-013	fail	parse error: text decode error: at 1..2: unrecognized entity `x`
valid	valid-ext-sa-014	fail	parse error: text decode error: at 1..2: unrecognized entity `e`
valid	valid-not-sa-031	fail	parse error: text decode error: at 1..2: unrecognized entity `e`
valid	valid-sa-024	fail	parse error: text decode error: at 1..2: unrecognized entity `e`
valid	valid-sa-049	unsupported	utf-16 BOM
valid	valid-sa-050	unsupported	utf-16 BOM
valid	valid-sa-051	unsupported	utf-16 BOM
valid	valid-sa-087	fail	parse error: parse error at position 107: syntax error: DOCTYPE not closed: `>` not found before end of input
valid	valid-sa-088	fail	parse error: text decode error: at 1..2: unrecognized entity `e`
valid	weekly-little	unsupported	utf-16 BOM
valid	weekly-utf-16	unsupported	utf-16 BOM
valid	x-ibm-1-0.5-valid-P04-ibm04av01.xml	unsupported	5th-edition
valid	x-ibm-1-0.5-valid-P04-ibm04v01.xml	unsupported	5th-edition
valid	x-ibm-1-0.5-valid-P047-ibm07v01.xml	unsupported	5th-edition
valid	x-ibm-1-0.5-valid-P05-ibm05v01.xml	unsupported	5th-edition
valid	x-ibm-1-0.5-valid-P05-ibm05v02.xml	unsupported	5th-edition
valid	x-ibm-1-0.5-valid-P05-ibm05v03.xml	unsupported	5th-edition
valid	x-ibm-1-0.5-valid-P05-ibm05v04.xml	unsupported	5th-edition
valid	x-ibm-1-0.5-valid-P05-ibm05v05.xml	unsupported	5th-edition
valid	x-rmt-008b	unsupported	5th-edition
valid	x-rmt5-014a	unsupported	5th-edition
